,Year,Team,Proj_Wins_Agg,Wins_Rank_Agg
748,2013,Louisville,4.1647462992456195,1
749,2013,Michigan,1.3094782572405044,17
750,2013,Syracuse,1.6914958684708308,9
751,2013,Wichita St.,0.9957278005971961,30
752,2013,Ohio St.,2.243557775401424,3
753,2013,Florida,1.7505524102724053,8
754,2013,Duke,2.0905094908531914,5
755,2013,Marquette,0.7987875419702692,35
757,2013,Kansas,2.4727810463358617,2
758,2013,Miami FL,2.242476401748917,4
756,2013,Indiana,1.8720383933918223,6
760,2013,Michigan St.,1.6250937099767069,14
763,2013,Oregon,1.1922205871785674,20
759,2013,Arizona,1.6451386162346524,10
761,2013,La Salle,0.4492468513209862,49
762,2013,Florida Gulf Coast,0.13127910979760352,58
764,2013,Gonzaga,1.6305425094748194,13
765,2013,Butler,1.0246196407870676,29
768,2013,VCU,1.6384874397630265,12
766,2013,Illinois,1.0895330698494265,24
767,2013,North Carolina,1.2071149295603483,19
777,2013,San Diego St.,0.6540702382193192,40
769,2013,Saint Louis,1.1646665222301684,22
770,2013,Memphis,1.2877936905405056,18
771,2013,Colorado St.,0.9080060440095471,32
772,2013,Iowa St.,0.7012731279367339,38
773,2013,Mississippi,1.0592798672413402,27
774,2013,Harvard,0.0741525222707545,62
775,2013,Temple,0.5490674549494854,44
776,2013,California,0.4633046850430615,48
778,2013,Minnesota,0.7195561784427229,37
779,2013,Creighton,0.8957953308130716,33
780,2013,Wisconsin,1.6430684387792809,11
785,2013,New Mexico,1.765098167064365,7
781,2013,Georgetown,1.3397513931415985,16
783,2013,Notre Dame,1.0654037960146394,25
784,2013,Pittsburgh,1.1712764381135563,21
786,2013,Kansas St.,1.6095202883650626,15
787,2013,North Carolina St.,0.63118731604382,41
788,2013,UNLV,1.160013649239009,23
790,2013,UCLA,1.0346140964513464,28
791,2013,Cincinnati,1.0631663380158276,26
792,2013,Southern,0.06482518127194753,64
793,2013,Iona,0.17975895822873905,55
794,2013,Boise St.,0.4384425453180544,50
795,2013,Belmont,0.3237813496179427,51
796,2013,Pacific,0.14051255260213594,57
797,2013,Montana,0.0943762353120179,61
798,2013,LIU Brooklyn,0.044276430229555075,66
799,2013,James Madison,0.06585149613671551,63
800,2013,Davidson,0.2853681429613868,52
801,2013,Colorado,0.5964899304268775,43
802,2013,Bucknell,0.5373208744164366,45
789,2013,Oklahoma,0.5335848409714619,46
803,2013,Akron,0.47019664972949504,47
804,2013,Northwestern St.,0.10330556025677082,60
805,2013,Western Kentucky,0.06454436306802677,65
806,2013,South Dakota St.,0.17438358248597396,56
807,2013,Villanova,0.6256591850074408,42
782,2013,Oklahoma St.,0.9942547015992611,31
808,2013,North Carolina A&T,0.037045292312577555,67
809,2013,Saint Mary's,0.7881530087348149,36
810,2013,Valparaiso,0.24365913316544352,54
811,2013,New Mexico St.,0.27282246454718273,53
812,2013,Missouri,0.8684999865921439,34
813,2013,Middle Tennessee,0.6911543697977217,39
814,2013,Liberty,0.01764707457858255,68
815,2013,Albany,0.11859275823483156,59
680,2014,Connecticut,0.9700268404971633,27
681,2014,Kentucky,1.3575236643696944,19
682,2014,Florida,3.5248273381797315,1
683,2014,Wisconsin,1.3406134646856873,20
684,2014,Arizona,2.3702180545502585,4
685,2014,Michigan St.,2.1058137635913874,6
686,2014,Michigan,1.555931648061226,12
687,2014,Dayton,0.4470406418188869,47
688,2014,Virginia,2.6172725835165616,3
690,2014,San Diego St.,1.4470854149867818,15
693,2014,UCLA,2.3515490589700403,5
689,2014,Louisville,2.0282729349830912,9
691,2014,Baylor,0.9672608915869546,28
692,2014,Iowa St.,1.43620796251544,16
694,2014,Stanford,0.5578050250980815,40
695,2014,Tennessee,0.7796885661793611,31
700,2014,Creighton,1.4844951829930282,14
696,2014,Villanova,1.6816935126408756,10
697,2014,Syracuse,3.313146301489904,2
706,2014,Wichita St.,2.052329586467721,8
703,2014,North Carolina,1.5125190647121638,13
698,2014,Kansas,1.4008345661110997,17
699,2014,Oregon,0.8343195506683143,30
701,2014,Gonzaga,0.7773764127716352,33
704,2014,Pittsburgh,1.308870350349208,21
705,2014,Texas,1.2007542806842388,24
707,2014,North Dakota St.,0.23094706419359562,53
702,2014,Memphis,0.7030230889174542,35
708,2014,Harvard,0.4563257398622109,46
709,2014,Stephen F. Austin,0.4312906764786071,48
710,2014,Saint Louis,0.5479973573086165,42
711,2014,Mercer,0.21369741229903663,55
712,2014,Duke,2.06431589393161,7
713,2014,Oklahoma,1.2175628631872801,22
714,2014,Cincinnati,1.3722332404138868,18
731,2014,George Washington,0.7391710581300416,34
715,2014,Ohio St.,1.2094647694226557,23
716,2014,New Mexico,0.8472189919033428,29
717,2014,VCU,1.601657631092989,11
719,2014,Iowa,1.1001815834000777,25
740,2014,Xavier,0.6106915395110782,38
720,2014,Weber St.,0.03996258917019462,67
721,2014,Nebraska,0.5025463626555561,44
722,2014,New Mexico St.,0.23822261105629972,52
723,2014,Oklahoma St.,0.5717044763712844,39
724,2014,Louisiana Lafayette,0.16214185572453954,57
725,2014,BYU,0.6234011317173704,37
726,2014,American,0.0664881112560921,61
727,2014,North Carolina Central,0.21828950080936177,54
728,2014,Providence,1.0117020214768222,26
729,2014,Saint Joseph's,0.4824924182874317,45
730,2014,Milwaukee,0.0934194435358706,60
732,2014,Delaware,0.2388606295024363,51
733,2014,Coastal Carolina,0.05923712050300067,62
734,2014,Western Michigan,0.13195777529788286,59
735,2014,Mount St. Mary's,0.0463813825576729,66
736,2014,Albany,0.05632075930431625,63
737,2014,Tulsa,0.21251153282734173,56
738,2014,Eastern Kentucky,0.1356200154125843,58
739,2014,Colorado,0.7781909882842076,32
718,2014,North Carolina St.,0.512179727407055,43
741,2014,Wofford,0.05473604830389067,64
742,2014,Texas Southern,0.0376285265746915,68
743,2014,Massachusetts,0.6444832531317779,36
744,2014,Manhattan,0.27590095889796723,50
745,2014,Kansas St.,0.5553736044301625,41
746,2014,Cal Poly,0.05273599827250585,65
747,2014,Arizona St.,0.4282555847006594,49
612,2015,Duke,2.368410140983405,6
613,2015,Wisconsin,5.134458430557341,2
614,2015,Kentucky,5.66694367064772,1
615,2015,Michigan St.,0.8956559998106185,25
616,2015,Arizona,2.92654472650703,4
617,2015,Gonzaga,1.7216964686194416,8
619,2015,Louisville,1.5281559765025514,12
618,2015,Notre Dame,1.46927396001343,14
620,2015,North Carolina,2.1841180790314505,7
624,2015,Oklahoma,1.4890215340454023,13
621,2015,Utah,0.763481207585581,28
626,2015,West Virginia,1.7038846911593717,9
622,2015,Xavier,0.6087194623835465,35
623,2015,North Carolina St.,0.6903546759789984,31
625,2015,Wichita St.,1.0651204281581528,17
627,2015,UCLA,0.587079843063542,36
629,2015,Virginia,3.5881039358903566,3
628,2015,Villanova,2.898781831336922,5
630,2015,Kansas,1.6814518364312716,10
632,2015,Arkansas,0.9212189433221983,24
633,2015,Oregon,0.6860284476576417,32
635,2015,Northern Iowa,1.0554458467642924,18
636,2015,Georgetown,0.7114252428926617,30
637,2015,Iowa,0.8687680055736865,27
638,2015,San Diego St.,1.0358921530924234,21
631,2015,Maryland,1.1480382107227818,16
642,2015,Butler,1.2129385323687214,15
634,2015,Ohio St.,0.9781569182437468,22
639,2015,Georgia St.,0.22506741106678113,50
640,2015,Dayton,0.23778599624385532,49
641,2015,UAB,0.09682445705886283,61
643,2015,Cincinnati,0.4334120945329351,45
644,2015,Baylor,1.5308333486621268,11
646,2015,Iowa St.,1.0407051420014526,20
656,2015,VCU,1.0548221872526997,19
645,2015,Providence,0.9733494860194202,23
647,2015,SMU,0.7430903867271248,29
648,2015,Purdue,0.4493373090982449,43
650,2015,Oklahoma St.,0.3140693714814007,47
651,2015,Texas Southern,0.06982178525399327,64
652,2015,Mississippi,0.506235633098621,40
653,2015,Coastal Carolina,0.10990344184308598,57
654,2015,BYU,0.5562992009640552,38
655,2015,Harvard,0.2231945988270955,51
657,2015,Wofford,0.2105554857640737,52
658,2015,UC Irvine,0.17323872917854324,53
659,2015,LSU,0.4392681892879481,44
660,2015,Albany,0.1502875917994156,55
661,2015,Belmont,0.08804511821137492,62
662,2015,Boise St.,0.6467664994258111,33
663,2015,Lafayette,0.05199868437727158,67
664,2015,Georgia,0.47118879849236595,41
665,2015,Wyoming,0.1025720378077532,60
666,2015,North Dakota St.,0.10638165089791354,59
667,2015,North Florida,0.08526133399852209,63
668,2015,Robert Morris,0.05757926062371238,66
669,2015,St. John's,0.5551889012772864,39
670,2015,Stephen F. Austin,0.26436585806409396,48
671,2015,Davidson,0.6312284051276518,34
672,2015,Eastern Washington,0.15706509348717887,54
649,2015,Texas,0.8723565899323278,26
673,2015,New Mexico St.,0.13201671315952634,56
674,2015,Northeastern,0.10986606984861237,58
675,2015,Manhattan,0.05947054445842383,65
676,2015,Buffalo,0.4206932789602292,46
677,2015,Hampton,0.030891189690836426,68
678,2015,Indiana,0.5757122961621199,37
679,2015,Valparaiso,0.4540806304909657,42
544,2016,Villanova,2.4363694236573994,4
545,2016,North Carolina,4.244121110114947,1
546,2016,Oklahoma,2.217946199440692,8
547,2016,Syracuse,0.832668017330147,30
548,2016,Kansas,3.101170250495428,2
550,2016,Virginia,2.3590920105211133,6
549,2016,Oregon,1.5893711493890743,13
551,2016,Notre Dame,0.810704655733764,31
553,2016,Duke,1.6523798410228405,11
552,2016,Texas A&M,1.6191144947559266,12
554,2016,Miami FL,1.314875224311478,15
555,2016,Maryland,1.0255655910760861,22
559,2016,Gonzaga,1.2055002291100834,18
556,2016,Indiana,1.31087083603567,16
557,2016,Iowa St.,1.184318810914434,19
558,2016,Wisconsin,0.5905768951433319,41
560,2016,Xavier,1.715575358517492,9
561,2016,Kentucky,2.2727879541711893,7
562,2016,VCU,1.014472885219682,23
564,2016,Connecticut,1.2600171414683432,17
565,2016,Iowa,1.3907726693175257,14
572,2016,Wichita St.,1.0649769843655894,21
566,2016,Butler,0.7747459668832906,34
567,2016,Utah,0.7308665292253791,36
568,2016,Yale,0.3157616919616978,50
569,2016,Northern Iowa,0.38936240631423846,45
570,2016,Saint Joseph's,0.9675178544994723,27
563,2016,Providence,0.7394049752329424,35
571,2016,Stephen F. Austin,0.3292988409953943,48
573,2016,Hawaii,0.3253234964573046,49
574,2016,Little Rock,0.7870064412176081,32
575,2016,Middle Tennessee,0.1857135720394956,58
576,2016,Michigan St.,3.099196851135052,3
577,2016,West Virginia,2.4015772137690536,5
578,2016,Purdue,1.7069417711546855,10
580,2016,Texas,0.8602614658551226,29
581,2016,Cincinnati,1.0033331183893626,24
582,2016,Baylor,0.7147829756417609,37
583,2016,Pittsburgh,0.6345995580612112,38
592,2016,USC,0.7841685278810548,33
593,2016,Michigan,0.9446543906808564,28
584,2016,California,0.9718667977770898,26
586,2016,Oregon St.,0.40537627852149194,44
587,2016,Southern,0.058643525152614076,65
588,2016,Holy Cross,0.023878938423793725,68
589,2016,Green Bay,0.15512808581667586,59
590,2016,Cal St. Bakersfield,0.19245432247031835,57
591,2016,UNC Wilmington,0.30976667288148974,51
594,2016,Stony Brook,0.3056797922973634,53
595,2016,Tulsa,0.25842480448881683,55
596,2016,Florida Gulf Coast,0.0769807142391365,63
597,2016,Fairleigh Dickinson,0.03424596713404055,66
598,2016,Chattanooga,0.2854735503717771,54
599,2016,Weber St.,0.09418049685830951,62
585,2016,Arizona,0.9868873997921488,25
600,2016,South Dakota St.,0.3300532220314958,47
601,2016,Temple,0.6318313504384498,39
602,2016,UNC Asheville,0.10223971384935115,61
603,2016,Colorado,0.5065402155303569,42
604,2016,Buffalo,0.10446831683444507,60
605,2016,Austin Peay,0.03258552161990648,67
606,2016,Vanderbilt,0.6234915398468311,40
579,2016,Seton Hall,1.1538314933287368,20
607,2016,Texas Tech,0.3093861294551167,52
608,2016,Iona,0.23037572662331535,56
609,2016,Hampton,0.05864779565119822,64
610,2016,Fresno St.,0.3845999141775518,46
611,2016,Dayton,0.4651963348809603,43
476,2017,North Carolina,3.036669362422753,2
477,2017,Gonzaga,2.0830371905894163,6
478,2017,Oregon,1.3748224863478682,20
479,2017,South Carolina,0.6019653593677755,37
480,2017,Kansas,2.1478132062123985,5
481,2017,Kentucky,2.459972650252075,3
482,2017,Florida,1.573130414057447,16
483,2017,Xavier,0.7611937217734642,29
484,2017,Arizona,2.0244430996407248,7
485,2017,West Virginia,1.8265984615069444,10
486,2017,Butler,1.2231920926655606,21
489,2017,UCLA,1.7171670166114517,13
487,2017,Baylor,1.219775663681107,22
488,2017,Wisconsin,1.6347711073707576,15
490,2017,Michigan,1.7434160117715871,12
491,2017,Purdue,1.172304150929138,23
492,2017,Villanova,4.532365441693605,1
493,2017,Duke,2.2096545232400273,4
494,2017,Louisville,1.9309332678494808,8
495,2017,Florida St.,1.5616444468337438,18
497,2017,Iowa St.,1.5566835703610655,19
498,2017,Saint Mary's,0.9572443592207867,27
499,2017,Notre Dame,1.8109492172328658,11
501,2017,Virginia,1.573075986437998,17
496,2017,Cincinnati,1.7052162726085975,14
502,2017,Arkansas,0.6380568605754429,32
503,2017,Wichita St.,1.000708726049567,24
505,2017,Middle Tennessee,0.6116850002142862,36
500,2017,Northwestern,0.6183501380055964,35
504,2017,USC,0.6681149483165171,31
506,2017,Rhode Island,0.4414628872387867,45
507,2017,Michigan St.,0.28782374202025296,51
508,2017,SMU,1.9056340325353158,9
520,2017,Vanderbilt,0.6187489250733702,34
510,2017,Marquette,0.713799639475404,30
512,2017,Miami FL,0.9833908657553201,25
513,2017,Creighton,0.8943637372305939,28
509,2017,Maryland,0.5556611513481292,40
514,2017,North Dakota,0.056078920575478045,65
515,2017,Princeton,0.4216043690594846,46
516,2017,VCU,0.4110148568821796,47
517,2017,South Dakota St.,0.059054713524669,64
518,2017,Florida Gulf Coast,0.22156685865369485,53
519,2017,Bucknell,0.17428403009763704,55
521,2017,Providence,0.3602787474077852,49
522,2017,New Orleans,0.05346178058657765,66
523,2017,Troy,0.09815985289795458,60
524,2017,UNC Wilmington,0.46778643345625714,43
525,2017,New Mexico St.,0.17852237629782947,54
526,2017,Mount St. Mary's,0.04724541961385062,68
527,2017,East Tennessee St.,0.28461916925098896,52
528,2017,Virginia Tech,0.516506579851724,41
511,2017,Minnesota,0.5997584166872949,38
529,2017,Northern Kentucky,0.1005345184062436,59
530,2017,Seton Hall,0.6278194427163754,33
531,2017,Texas Southern,0.08131537154849995,62
532,2017,Kent St.,0.14875848271141887,57
533,2017,Kansas St.,0.48844752547061554,42
534,2017,Dayton,0.3591671545242745,50
535,2017,Winthrop,0.15283603189519468,56
536,2017,Wake Forest,0.5685030804638488,39
537,2017,North Carolina Central,0.0943545361832043,61
538,2017,Oklahoma St.,0.9808547233790585,26
539,2017,UC Davis,0.05019476110382817,67
540,2017,Nevada,0.44226512752840996,44
541,2017,Jacksonville St.,0.059648179187522,63
542,2017,Iona,0.137725480436807,58
543,2017,Vermont,0.38179332508407116,48
408,2018,Villanova,4.198541918997883,1
409,2018,Michigan,1.8689876817817983,10
410,2018,Kansas,2.3865149279765525,4
411,2018,Loyola Chicago,0.30686699136521023,53
412,2018,Duke,2.6679357916029836,3
414,2018,Florida St.,0.6689833481566287,37
413,2018,Texas Tech,1.065672916235021,20
415,2018,Kansas St.,0.6801434369097115,36
416,2018,Purdue,2.0545945462088873,8
417,2018,Gonzaga,2.3276967448403187,7
418,2018,West Virginia,1.6372287035453588,11
419,2018,Texas A&M,0.8896167249895451,26
420,2018,Nevada,0.9588284106046412,24
421,2018,Kentucky,1.4674583349600618,13
422,2018,Syracuse,0.7728339500097631,30
423,2018,Clemson,0.986304991140073,23
424,2018,North Carolina,2.382692659134068,5
425,2018,Xavier,2.3473320136169242,6
426,2018,Cincinnati,2.009133252979509,9
432,2018,Florida,1.079758840563616,19
427,2018,Tennessee,1.138063265894796,18
428,2018,Michigan St.,1.4622935038913798,14
429,2018,Auburn,1.2451198952625933,16
430,2018,Houston,0.8280840922247237,29
431,2018,Ohio St.,1.2842760588964237,15
437,2018,Butler,1.198467973221087,17
433,2018,Rhode Island,0.8331194374745001,28
434,2018,Seton Hall,1.0197023027008256,22
435,2018,Marshall,0.13768937146337018,60
436,2018,Alabama,0.42464603714584703,46
438,2018,UMBC,0.08938905625235997,63
439,2018,Buffalo,0.3621189077311399,49
440,2018,Virginia,4.18209145645682,2
441,2018,Arizona,1.6173342301530156,12
442,2018,Virginia Tech,0.5420902833403333,43
443,2018,Wichita St.,0.8737423031477929,27
445,2018,Miami FL,1.0410552884901074,21
466,2018,Creighton,0.7164596359587554,35
446,2018,UNC Greensboro,0.3372899607436409,51
447,2018,Texas Southern,0.04441358560401097,66
448,2018,Providence,0.6617515848406841,38
449,2018,North Carolina Central,0.021837511091781826,68
450,2018,San Diego St.,0.734358402700971,33
451,2018,South Dakota St.,0.5291992112511229,44
452,2018,Montana,0.35470258145717615,50
453,2018,Missouri,0.48944203265895886,45
454,2018,Lipscomb,0.10877855211844713,61
444,2018,Arkansas,0.7496320315015704,32
455,2018,UCLA,0.6609427492893336,39
456,2018,Murray St.,0.308790004658269,52
457,2018,Radford,0.0844206583978176,64
458,2018,St. Bonaventure,0.3843038930953188,48
459,2018,Stephen F. Austin,0.22946954319011903,54
460,2018,LIU Brooklyn,0.0301447089110534,67
461,2018,Cal St. Fullerton,0.050921430551031245,65
462,2018,Wright St.,0.14425073622887277,59
463,2018,Texas,0.8897471410762496,25
464,2018,Georgia St.,0.16337291033209211,57
465,2018,Davidson,0.40992218980567796,47
467,2018,New Mexico St.,0.5671324262865136,41
468,2018,North Carolina St.,0.6462975765226059,40
469,2018,Oklahoma,0.771460468432294,31
470,2018,Penn,0.14979106803665826,58
471,2018,TCU,0.7228905967606187,34
472,2018,Iona,0.09264291398229933,62
473,2018,College of Charleston,0.1814959802413045,56
474,2018,Bucknell,0.18392429659770204,55
475,2018,Arizona St.,0.5438039683113842,42
340,2019,Virginia,3.4166778060841,2
341,2019,Texas Tech,1.4257311546503084,17
343,2019,Auburn,2.966897099986757,3
342,2019,Michigan St.,1.7948027735117456,9
344,2019,Duke,3.5045581145445426,1
347,2019,Purdue,2.2273001940091715,6
345,2019,Gonzaga,1.6042341625766907,14
346,2019,Kentucky,1.6423239953858415,13
348,2019,Michigan,2.377513326070422,5
351,2019,Florida St.,2.0176355010653793,7
353,2019,Houston,1.9396436229069975,8
352,2019,LSU,1.6587097521658514,12
354,2019,Virginia Tech,1.4918799606360627,16
350,2019,Tennessee,1.6687830773927974,11
349,2019,North Carolina,2.9061054764302203,4
355,2019,Oregon,1.0548127977466724,24
357,2019,Buffalo,1.138166768845486,22
365,2019,Florida,1.0649275500631477,23
359,2019,Maryland,0.947603970058186,28
361,2019,Oklahoma,0.6094253364307628,34
362,2019,Villanova,1.0283052100005938,25
356,2019,Kansas,1.7454836658316069,10
363,2019,Washington,0.8718003360030426,29
364,2019,Wofford,1.1425431884104138,21
366,2019,Baylor,0.5967043265145879,36
367,2019,Murray St.,0.29908090548395716,50
358,2019,Minnesota,0.4707554146020485,42
360,2019,UCF,0.4822539421826062,41
368,2019,Liberty,0.26471107160752694,54
369,2019,Iowa,0.5506266815845446,39
370,2019,UC Irvine,0.4546841960973821,44
371,2019,Ohio St.,0.4355949465024007,45
378,2019,Kansas St.,1.555359506722374,15
375,2019,Marquette,0.732144699767418,32
376,2019,Syracuse,0.9833035391264715,27
372,2019,Mississippi St.,1.42385830739086,18
390,2019,Louisville,0.8103114248994157,31
394,2019,VCU,0.5698680499516209,38
373,2019,Wisconsin,1.3426642282726693,19
377,2019,Cincinnati,1.1600058400619733,20
379,2019,Iowa St.,0.9898175522639956,26
374,2019,Nevada,0.8282573177831003,30
380,2019,Montana,0.15369427658659984,59
381,2019,Northern Kentucky,0.17425038803278192,57
382,2019,Prairie View A&M,0.060343764136442525,63
383,2019,St. John's,0.434132911952291,46
384,2019,Arizona St.,0.428208334318809,48
385,2019,Fairleigh Dickinson,0.0369979581310623,67
386,2019,Vermont,0.2527732526767116,55
387,2019,North Carolina Central,0.023600729985931348,68
388,2019,North Dakota St.,0.04784455995205812,65
389,2019,Saint Louis,0.28530035971161005,52
391,2019,Bradley,0.0628199609272525,62
392,2019,Belmont,0.3368607796527775,49
393,2019,Temple,0.5142151577185705,40
395,2019,Yale,0.16618340044947505,58
396,2019,Old Dominion,0.29696985162616657,51
397,2019,Saint Mary's,0.626169853661523,33
398,2019,Mississippi,0.5923920434436973,37
399,2019,Colgate,0.14309094697277186,60
400,2019,Gardner Webb,0.05553641056602205,64
401,2019,Abilene Christian,0.09634172045103252,61
402,2019,Northeastern,0.1862318219377881,56
403,2019,New Mexico St.,0.6079247388708287,35
404,2019,Seton Hall,0.46430177395566674,43
405,2019,Georgia St.,0.2836378641272454,53
406,2019,Iona,0.0451108966466124,66
407,2019,Utah St.,0.42919945188652553,47
272,2021,Baylor,3.944481072433096,1
273,2021,Gonzaga,3.5327978934017277,3
274,2021,Houston,2.656820253370452,4
275,2021,UCLA,0.7482093157394261,33
276,2021,Michigan,2.183327518661862,6
277,2021,USC,1.654628499289223,9
278,2021,Arkansas,1.5713655673909703,12
279,2021,Oregon St.,0.38132663915250153,46
280,2021,Alabama,3.921628935323457,2
281,2021,Creighton,1.171273338985253,21
282,2021,Oregon,1.3698643861714663,15
283,2021,Florida St.,1.0437384902435753,24
284,2021,Villanova,1.0763352239231772,23
285,2021,Oral Roberts,0.08679485737443628,61
286,2021,Syracuse,0.8173928470097537,30
287,2021,Loyola Chicago,0.6486910615988829,36
289,2021,Iowa,2.0322455056899527,7
288,2021,Illinois,2.560361007686354,5
290,2021,Colorado,1.806325137376602,8
292,2021,Oklahoma St.,1.2629561453695881,18
293,2021,Kansas,1.6005590705060428,11
298,2021,Oklahoma,0.5446682514387068,40
294,2021,LSU,1.4587168174970158,14
295,2021,Florida,0.6857980103821714,35
296,2021,Texas Tech,0.8069060088506876,32
291,2021,West Virginia,0.987382498938187,28
299,2021,Ohio,0.1981454715410112,54
300,2021,Maryland,0.4991674041207984,42
301,2021,Abilene Christian,0.20376294137456172,53
302,2021,Wisconsin,1.1496698652847845,22
303,2021,North Texas,0.22717691501428,52
297,2021,Rutgers,0.7144072501552687,34
304,2021,Ohio St.,1.6404171214602834,10
305,2021,Virginia,1.2195114088784629,19
306,2021,Texas,1.5051172961020645,13
307,2021,Purdue,1.3277441540182264,16
312,2021,San Diego St.,1.1890946520831134,20
309,2021,Connecticut,1.0000557114749242,26
310,2021,BYU,0.9157594414706218,29
311,2021,North Carolina,1.2751525887346884,17
313,2021,Tennessee,0.9897207265831691,27
314,2021,Georgia Tech,0.8142384684493064,31
339,2021,Clemson,1.0157936653300486,25
308,2021,Missouri,0.5435717203999128,41
315,2021,VCU,0.5702082918526291,38
316,2021,Wichita St.,0.31372150192455894,50
317,2021,UC Santa Barbara,0.3188998701521264,49
318,2021,Norfolk St.,0.04772979650197483,66
319,2021,Grand Canyon,0.13466600026869,58
320,2021,Eastern Washington,0.11352021557798389,60
321,2021,Drake,0.5598363196990461,39
322,2021,Appalachian St.,0.043497473027554245,67
323,2021,UNC Greensboro,0.30236899012265983,51
324,2021,Michigan St.,0.44866302723362717,45
325,2021,Mount St. Mary's,0.03899590347526535,68
326,2021,St. Bonaventure,0.5962450417011429,37
327,2021,Texas Southern,0.059262436641629945,64
328,2021,Iona,0.0639223498135319,63
329,2021,Georgetown,0.4818419920103721,43
330,2021,Virginia Tech,0.34781485934790224,47
331,2021,Winthrop,0.337486258382627,48
332,2021,Utah St.,0.45388510787837,44
333,2021,Hartford,0.07377468937599152,62
334,2021,Colgate,0.19244638220230614,55
335,2021,Liberty,0.18849330985040708,56
336,2021,Morehead St.,0.14653383120461144,57
337,2021,Drexel,0.05923033790973715,65
338,2021,Cleveland St.,0.12385485756515435,59
204,2022,Kansas,3.116771884404567,1
205,2022,North Carolina,1.0771338521522527,21
207,2022,Villanova,2.7001876801097486,3
206,2022,Duke,2.629557955238559,5
208,2022,Houston,2.2844050404218454,8
209,2022,Arkansas,0.8448803117665186,25
211,2022,Miami FL,0.8649041862486386,24
210,2022,Saint Peter's,0.09289569952877941,62
213,2022,Gonzaga,2.635830475388226,4
214,2022,Texas Tech,1.4459153822679645,14
215,2022,UCLA,1.862480631364709,12
216,2022,Purdue,1.6184944371948562,13
212,2022,Arizona,2.2070402154840574,9
217,2022,Michigan,0.7040297637375932,34
218,2022,Providence,0.6774299887470898,37
219,2022,Iowa St.,0.799703065152903,29
220,2022,Baylor,3.078876182457085,2
222,2022,Auburn,1.9635191216062515,11
221,2022,Tennessee,2.3676835542762293,7
224,2022,Michigan St.,0.7029624493435238,35
231,2022,Notre Dame,0.724375580557475,32
225,2022,Texas,1.2918452718208868,16
226,2022,Saint Mary's,1.2587142328793237,17
227,2022,Murray St.,0.95510662617254,23
228,2022,Ohio St.,0.6385369534660058,38
230,2022,Illinois,1.183293020959851,19
223,2022,Wisconsin,1.1876910082307677,18
232,2022,New Mexico St.,0.28296290453146056,53
233,2022,Memphis,0.6057765333138463,41
229,2022,TCU,0.7959712271681493,30
234,2022,Richmond,0.2834875878880533,52
235,2022,Creighton,0.5807230003718674,43
236,2022,Kentucky,2.575595314262255,6
237,2022,Connecticut,1.0322615705754754,22
238,2022,Iowa,1.9734011640585662,10
242,2022,LSU,1.416328931153661,15
239,2022,Boise St.,0.8107410575120285,28
258,2022,Seton Hall,0.8302734300100144,27
241,2022,San Diego St.,0.6141230531984191,39
240,2022,Alabama,0.7048323775935466,33
244,2022,Rutgers,0.3159650653676622,51
245,2022,Montana St.,0.1403753960515739,55
246,2022,Georgia St.,0.10169066333706846,60
247,2022,Davidson,0.5343440383350955,45
248,2022,Cal St. Fullerton,0.0867404659812312,65
249,2022,Vermont,0.3996281973040012,48
250,2022,San Francisco,0.8334621133414944,26
251,2022,Marquette,0.46140339253956003,47
252,2022,Indiana,0.49052011320430056,46
253,2022,Norfolk St.,0.08846535952826504,64
254,2022,Akron,0.12593401201958326,57
255,2022,Yale,0.10568308306159752,59
256,2022,Wyoming,0.3955825411862657,49
257,2022,Virginia Tech,1.1109604975410945,20
259,2022,Loyola Chicago,0.5388571902683323,44
260,2022,Longwood,0.17530392691663316,54
261,2022,Delaware,0.1257972819887106,58
262,2022,Colorado St.,0.5947018134783819,42
263,2022,Chattanooga,0.6136710151383873,40
264,2022,Bryant,0.09095401407216572,63
265,2022,Wright St.,0.07986779319534301,67
266,2022,UAB,0.6827362621139743,36
243,2022,USC,0.745367014994962,31
267,2022,Jacksonville St.,0.10059486064466158,61
268,2022,Colgate,0.1331555656444436,56
269,2022,South Dakota St.,0.36923347234311804,50
270,2022,Texas A&M Corpus Chris,0.0545517104895853,68
271,2022,Texas Southern,0.08371041729690251,66
136,2023,Connecticut,1.6740390650862633,10
137,2023,San Diego St.,1.5595273888080428,12
138,2023,Miami FL,0.934397961829435,25
139,2023,Florida Atlantic,1.0157386175275138,21
140,2023,Texas,2.27637604824824,6
141,2023,Gonzaga,2.132477274968302,7
142,2023,Kansas St.,0.9439753817977843,23
143,2023,Creighton,1.0869692245239173,17
144,2023,UCLA,3.819960659377695,1
145,2023,Alabama,2.792867358476573,3
146,2023,Houston,3.57818091628382,2
147,2023,Xavier,1.064962378913398,18
150,2023,Arkansas,0.8683246758111701,27
148,2023,Tennessee,1.5420102276351064,13
149,2023,Michigan St.,0.7985359979399633,32
151,2023,Princeton,0.15004458581032223,61
152,2023,Kansas,2.307443237641795,5
153,2023,Marquette,1.9414520548379104,8
154,2023,Duke,1.6557520896607907,11
156,2023,Baylor,1.3627354931888789,14
158,2023,Saint Mary's,1.2496026047579794,16
159,2023,Northwestern,0.7538059251559522,35
160,2023,TCU,1.058601624999348,19
155,2023,Kentucky,0.8079890307081565,31
164,2023,Missouri,0.711537770068644,38
157,2023,Indiana,0.9209269180193932,26
165,2023,Auburn,0.7589590158295136,34
162,2023,Fairleigh Dickinson,0.03161796876986438,67
161,2023,Maryland,0.8182937219663493,30
163,2023,Furman,0.21985486779003072,55
166,2023,Penn St.,0.6371543520146656,41
167,2023,Pittsburgh,0.41389493995009263,51
168,2023,Purdue,2.57861986282281,4
169,2023,Arizona,1.7368780993976056,9
171,2023,Memphis,1.2599558804021092,15
172,2023,Virginia,0.842537547628368,28
194,2023,West Virginia,0.8243164040702664,29
174,2023,Iowa St.,1.008897505627193,22
176,2023,Texas A&M,1.023824374348489,20
170,2023,Illinois,0.7797134558163796,33
177,2023,Iona,0.43586278717077365,50
178,2023,Howard,0.06523587925291045,65
179,2023,Grand Canyon,0.18163977775783313,58
180,2023,Boise St.,0.7200167619974663,37
181,2023,Arizona St.,0.5769530605594198,45
182,2023,Nevada,0.4097950251413083,52
183,2023,VCU,0.5739003605409427,47
184,2023,UNC Asheville,0.1410539755966271,62
185,2023,USC,0.7226357399446606,36
186,2023,Montana St.,0.21826383504002678,56
187,2023,Louisiana Lafayette,0.31407635531036393,53
188,2023,Oral Roberts,0.6114694165460761,42
189,2023,Vermont,0.17148243752133835,60
190,2023,Texas Southern,0.028013024215125325,68
191,2023,Providence,0.6618648149856636,39
173,2023,Utah St.,0.6379401797981578,40
192,2023,College of Charleston,0.5713332271774404,48
193,2023,North Carolina St.,0.9371855599428608,24
195,2023,UC Santa Barbara,0.25033468604026266,54
196,2023,Texas A&M Corpus Chris,0.09502425464217967,64
197,2023,Southeast Missouri St.,0.034146698023619054,66
175,2023,Iowa,0.6061384493789319,43
198,2023,Drake,0.44229032932990603,49
199,2023,Mississippi St.,0.5867139278399585,44
200,2023,Kent St.,0.5750449921399382,46
201,2023,Kennesaw St.,0.20033816187748313,57
202,2023,Colgate,0.17787397945858463,59
203,2023,Northern Kentucky,0.11061979426000881,63
68,2024,Connecticut,3.5297831802192685,1
69,2024,Purdue,2.8726516190092393,3
70,2024,Alabama,1.3156409712354784,17
71,2024,North Carolina St.,0.6690196966976839,42
72,2024,Illinois,2.223073306920599,5
74,2024,Duke,1.8551805137883857,7
73,2024,Tennessee,1.4647661152876792,12
75,2024,Clemson,0.9170394439264629,28
76,2024,Houston,3.417637440427824,2
77,2024,North Carolina,2.378496383498508,4
78,2024,Arizona,2.0766031643915657,6
79,2024,Marquette,1.8462328556328598,8
82,2024,Creighton,1.7918685857086463,9
80,2024,Iowa St.,1.6531894249537615,10
81,2024,Gonzaga,1.4093104716102935,15
83,2024,San Diego St.,0.9417203383131573,26
84,2024,Baylor,1.636291267704281,11
85,2024,Dayton,0.8155180151599116,34
87,2024,Washington St.,0.7970675406878931,35
94,2024,Northwestern,0.8405647082366176,31
88,2024,Texas A&M,0.8770506450902621,30
89,2024,Kansas,0.9064226076331064,29
90,2024,Texas,0.9201505592646092,27
86,2024,Michigan St.,0.7932583163795903,36
91,2024,Grand Canyon,0.48324412391258464,47
92,2024,Yale,0.31227584787759594,52
93,2024,Duquesne,0.3141298762499469,51
95,2024,Colorado,0.9495264200490374,25
96,2024,James Madison,0.601361540186068,45
97,2024,Oakland,0.22748168710825073,55
98,2024,Utah St.,0.7459009399247681,41
99,2024,Oregon,0.8294142082991345,33
100,2024,Auburn,1.4529326744764262,14
101,2024,Kentucky,1.3879377829229336,16
102,2024,Saint Mary's,1.0518788326288298,21
103,2024,New Mexico,1.1758572927932962,18
113,2024,Mississippi St.,0.8404829481101495,32
105,2024,BYU,1.0597426153451996,20
106,2024,Texas Tech,1.1280563139256579,19
107,2024,Wisconsin,1.4646729209250589,13
108,2024,Florida,0.9819380086337282,24
109,2024,TCU,0.9864561959848166,23
110,2024,South Carolina,0.9903406047724679,22
111,2024,Wagner,0.037392063482678324,68
112,2024,Nevada,0.6561609980864154,43
114,2024,Long Beach St.,0.09141173612792905,63
115,2024,Howard,0.04836770302586367,67
116,2024,College of Charleston,0.4210678481643821,49
117,2024,Colgate,0.14455671889962934,59
104,2024,Florida Atlantic,0.7717636680594832,39
118,2024,UAB,0.27613944252402023,53
119,2024,Stetson,0.1016160411603196,62
120,2024,South Dakota St.,0.12364129802204005,60
121,2024,Morehead St.,0.2002503827230111,57
122,2024,Drake,0.7755558106838613,38
123,2024,Western Kentucky,0.1617586291706927,58
124,2024,Vermont,0.26532687787565623,54
125,2024,Longwood,0.11098751172423349,61
126,2024,Nebraska,0.756234466854967,40
127,2024,Boise St.,0.7831264397943578,37
128,2024,Virginia,0.5176219601346109,46
129,2024,Samford,0.43551244649656673,48
130,2024,Saint Peter's,0.06294153282406226,64
131,2024,Montana St.,0.060825632120818554,65
132,2024,McNeese St.,0.3975368802748769,50
133,2024,Grambling St.,0.05152028976955755,66
134,2024,Colorado St.,0.6077254730816097,44
135,2024,Akron,0.20879014301471865,56
0,2025,Florida,2.736880597712749,4
1,2025,Houston,4.406050474288646,1
3,2025,Auburn,2.856173476832815,3
2,2025,Duke,3.75567435988384,2
4,2025,Alabama,1.7577478141404674,8
5,2025,Michigan St.,2.2000230758758144,6
6,2025,Tennessee,2.3165546004394315,5
7,2025,Texas Tech,1.4127761674739698,14
8,2025,Maryland,1.469350384803104,12
9,2025,Arizona,1.3901385695486266,15
10,2025,Kentucky,1.4605021112152454,13
11,2025,BYU,1.001715576066793,28
12,2025,Mississippi,1.1279923908103084,21
13,2025,Michigan,1.0040610362993174,27
14,2025,Purdue,1.3457868848966001,16
15,2025,Arkansas,0.6424332564324975,38
16,2025,St. John's,2.138775038296534,7
17,2025,Wisconsin,1.2456857390142124,17
18,2025,Texas A&M,1.4803047202291821,10
19,2025,Iowa St.,1.2155767395653552,18
20,2025,Connecticut,0.810174850262751,32
21,2025,Saint Mary's,1.1983356144576682,19
22,2025,Oregon,1.0310863435507842,24
23,2025,UCLA,1.1066524780805014,23
24,2025,Gonzaga,1.5738274892125892,9
25,2025,Illinois,0.9669520633416193,29
26,2025,Drake,0.5278143332698163,44
27,2025,Colorado St.,0.5128270211154277,46
28,2025,Baylor,0.774635068144885,33
29,2025,Creighton,0.6314931068782761,39
30,2025,New Mexico,0.7072546857978746,34
31,2025,McNeese St.,0.3585679646015293,49
32,2025,Clemson,1.478033579979775,11
33,2025,Kansas,1.138019916155585,20
34,2025,Missouri,1.010106218398782,26
35,2025,Memphis,0.6633196046456794,36
36,2025,Mississippi St.,0.8739191724953603,31
37,2025,Marquette,1.1223160761995992,22
38,2025,Louisville,1.02824706350612,25
39,2025,Grand Canyon,0.21176034744185093,54
40,2025,UNC Wilmington,0.17771590320633684,56
41,2025,Oklahoma,0.6606573423133909,37
42,2025,Norfolk St.,0.0805510675666001,63
43,2025,Nebraska Omaha,0.11858381513701018,57
44,2025,American,0.05013121111875625,65
45,2025,Akron,0.23870223782681446,53
46,2025,Liberty,0.2593249942262083,51
47,2025,VCU,0.6135493619471538,40
48,2025,Vanderbilt,0.5926065002026382,41
49,2025,Robert Morris,0.10187924908286919,61
50,2025,Mount St. Mary's,0.04356831436754252,66
51,2025,Montana,0.10499263567323297,60
52,2025,Bryant,0.11484978569557305,59
53,2025,Alabama St.,0.04235080182565852,67
54,2025,UC San Diego,0.5304582300845588,43
55,2025,San Diego St.,0.4009606838806243,48
56,2025,Saint Francis,0.02178071666523755,68
57,2025,North Carolina,0.8905945865229651,30
58,2025,Lipscomb,0.2034741290117541,55
59,2025,Yale,0.25284756285215443,52
60,2025,Georgia,0.702190305892502,35
61,2025,High Point,0.28017585379664717,50
62,2025,Xavier,0.5158379274614354,45
63,2025,Wofford,0.08347088137467529,62
64,2025,Utah St.,0.500916656061069,47
65,2025,Troy,0.1152763977195249,58
66,2025,Texas,0.559220301328047,42
67,2025,SIU Edwardsville,0.05378653579704068,64
