,Year,Team,Wins,Wins_Rank,Proj_Wins,Proj_Wins_Rank,Proj_Wins_Binned,Region,Seed
9,2025,Florida,6,1,2.7929681937061255,3,4,West,1
83,2025,Texas Tech,3,5,1.3405497688887802,9,2,West,3
168,2025,Arkansas,2,9,0.7755657073368916,33,0,West,10
180,2025,Maryland,2,9,1.499571494387634,5,3,West,4
269,2025,Drake,1,17,0.4594972172426469,33,0,West,11
271,2025,Connecticut,1,17,0.8962000244837922,33,0,West,8
272,2025,Colorado St.,1,17,0.521814646716726,33,0,West,12
327,2025,St. John's,1,17,1.8112814713735947,5,3,West,2
445,2025,Grand Canyon,0,33,0.3163501760533555,33,0,West,13
447,2025,Kansas,0,33,1.1292415851762625,17,1,West,7
454,2025,UNC Wilmington,0,33,0.25457637632435354,33,0,West,14
462,2025,Oklahoma,0,33,0.6423335509319126,33,0,West,9
464,2025,Norfolk St.,0,33,0.15401094835621915,33,0,West,16
465,2025,Nebraska Omaha,0,33,0.16788533146449394,33,0,West,15
468,2025,Missouri,0,33,1.2816573364431587,9,2,West,6
470,2025,Memphis,0,33,0.6891972015823141,33,0,West,5
31,2025,Auburn,4,3,2.3889359070124794,3,4,South,1
90,2025,Michigan St.,3,5,1.362321683158527,9,2,South,2
175,2025,Mississippi,2,9,0.9421086099490885,17,1,South,6
176,2025,Michigan,2,9,1.2451150449549877,9,2,South,5
270,2025,Creighton,1,17,0.7743123833889842,33,0,South,9
297,2025,Texas A&M,1,17,1.2526079707336304,9,2,South,4
307,2025,New Mexico,1,17,0.7360566283443221,33,0,South,10
321,2025,Iowa St.,1,17,1.3236584662466315,9,2,South,3
421,2025,Bryant,0,33,0.21668577978632422,33,0,South,15
423,2025,Alabama St.,0,33,0.09648573109003253,33,0,South,16
455,2025,UC San Diego,0,33,0.6922294240624496,33,0,South,12
459,2025,San Diego St.,0,33,0.6219270970912856,33,0,South,11
460,2025,Saint Francis,0,33,0.06144941603721159,33,0,South,16
463,2025,North Carolina,0,33,0.8950599915064229,33,0,South,11
471,2025,Marquette,0,33,1.1847205717547815,17,1,South,7
472,2025,Louisville,0,33,0.982278118117411,17,1,South,8
473,2025,Lipscomb,0,33,0.29808575092821593,33,0,South,14
815,2025,Yale,0,33,0.40609053769713555,33,0,South,13
12,2025,Houston,5,2,3.750172754826519,2,5,Midwest,1
89,2025,Tennessee,3,5,1.8535657389084903,5,3,Midwest,2
122,2025,Kentucky,2,9,1.1184153457744048,17,1,Midwest,3
154,2025,Purdue,2,9,1.1788667444467487,17,1,Midwest,4
290,2025,UCLA,1,17,1.147099921605604,17,1,Midwest,7
299,2025,Gonzaga,1,17,1.3302086635957988,9,2,Midwest,8
316,2025,McNeese St.,1,17,0.5428292852037693,33,0,Midwest,12
322,2025,Illinois,1,17,1.184244466710353,17,1,Midwest,6
419,2025,Georgia,0,33,0.9220192840296639,17,1,Midwest,9
420,2025,Clemson,0,33,1.2234430232910143,17,1,Midwest,5
446,2025,High Point,0,33,0.3911578808241171,33,0,Midwest,13
449,2025,Xavier,0,33,0.5501123146638419,33,0,Midwest,11
450,2025,Wofford,0,33,0.17449912745730967,33,0,Midwest,15
453,2025,Utah St.,0,33,0.6334784376451507,33,0,Midwest,10
456,2025,Troy,0,33,0.25449143142091946,33,0,Midwest,14
457,2025,Texas,0,33,0.7027261145394533,33,0,Midwest,11
458,2025,SIU Edwardsville,0,33,0.1276295255794328,33,0,Midwest,16
26,2025,Duke,4,3,3.8052856542460014,1,6,East,1
77,2025,Alabama,3,5,1.7655910462879836,5,3,East,2
167,2025,Arizona,2,9,1.3454346662698475,9,2,East,4
171,2025,BYU,2,9,1.0858748217084182,17,1,East,6
277,2025,Baylor,1,17,0.9285884651415219,17,1,East,9
302,2025,Saint Mary's,1,17,1.1241596729844239,17,1,East,7
303,2025,Oregon,1,17,0.9500901847259088,17,1,East,5
355,2025,Wisconsin,1,17,1.048462155526881,17,1,East,3
422,2025,American,0,33,0.09456658283906555,33,0,East,16
424,2025,Akron,0,33,0.30800920233639256,33,0,East,13
448,2025,Liberty,0,33,0.4018859008940809,33,0,East,12
451,2025,VCU,0,33,0.8121952132930836,33,0,East,11
452,2025,Vanderbilt,0,33,0.6449631335385942,33,0,East,10
461,2025,Robert Morris,0,33,0.17937725376241148,33,0,East,15
466,2025,Mount St. Mary's,0,33,0.09083833134889999,33,0,East,16
467,2025,Montana,0,33,0.1716039326549169,33,0,East,14
469,2025,Mississippi St.,0,33,0.945283579590794,17,1,East,8
46,2024,Alabama,4,3,1.1419769746231485,17,1,West,4
48,2024,Clemson,3,5,0.8320376435257367,17,1,West,6
113,2024,North Carolina,2,9,1.8300150734540839,5,3,West,1
131,2024,Arizona,2,9,2.036968927575718,5,3,West,2
333,2024,Grand Canyon,1,17,0.5663748241172499,33,0,West,12
338,2024,Dayton,1,17,0.8197060337615288,17,1,West,7
351,2024,Baylor,1,17,1.3976734554698524,9,2,West,3
378,2024,Michigan St.,1,17,1.0758969940543095,17,1,West,9
427,2024,Wagner,0,33,0.08183204828561005,33,0,West,16
438,2024,Saint Mary's,0,33,1.1474483047784763,9,2,West,5
439,2024,New Mexico,0,33,1.1093929215370977,17,1,West,11
440,2024,Nevada,0,33,0.6707282150898265,33,0,West,10
444,2024,Mississippi St.,0,33,0.8868746301441209,17,1,West,8
475,2024,Long Beach St.,0,33,0.16300437343911786,33,0,West,15
508,2024,Howard,0,33,0.08394361255006486,33,0,West,16
514,2024,College of Charleston,0,33,0.41908714637706895,33,0,West,13
515,2024,Colgate,0,33,0.23914566945510418,33,0,West,14
45,2024,North Carolina St.,4,3,0.7682723200279165,33,0,South,11
71,2024,Duke,3,5,1.747731802911177,9,2,South,4
105,2024,Marquette,2,9,1.807055579843271,5,3,South,2
121,2024,Houston,2,9,3.6462795142907307,1,6,South,1
329,2024,Texas A&M,1,17,0.9408137781729853,17,1,South,9
330,2024,Colorado,1,17,0.8061641925157629,33,0,South,10
332,2024,James Madison,1,17,0.6038661293235128,33,0,South,12
360,2024,Oakland,1,17,0.2545212608575958,33,0,South,14
418,2024,Texas Tech,0,33,0.958328859488912,17,1,South,6
425,2024,Wisconsin,0,33,1.1469916036305268,17,1,South,5
426,2024,Western Kentucky,0,33,0.25003481392963667,33,0,South,15
429,2024,Vermont,0,33,0.3248971056808932,33,0,South,13
432,2024,Longwood,0,33,0.19300902217891946,33,0,South,16
441,2024,Nebraska,0,33,0.8466730420348606,17,1,South,8
491,2024,Kentucky,0,33,1.2390025607197541,9,2,South,3
511,2024,Florida,0,33,0.8990088424409813,17,1,South,7
517,2024,Boise St.,0,33,0.6953805989784457,33,0,South,10
19,2024,Purdue,5,2,2.3867335204366453,3,4,Midwest,1
70,2024,Tennessee,3,5,1.6643534354206673,9,2,Midwest,2
123,2024,Gonzaga,2,9,1.5217567317023588,9,2,Midwest,5
149,2024,Creighton,2,9,1.4039000794430891,9,2,Midwest,3
294,2024,Utah St.,1,17,0.6317500261558903,33,0,Midwest,8
331,2024,Kansas,1,17,1.0838604694399032,17,1,Midwest,4
361,2024,Texas,1,17,0.930340919703518,17,1,Midwest,7
372,2024,Oregon,1,17,0.8037293745356409,33,0,Midwest,11
428,2024,Virginia,0,33,0.8122256591733275,33,0,Midwest,10
431,2024,TCU,0,33,0.9236172167147013,17,1,Midwest,9
435,2024,South Carolina,0,33,0.8137918670141214,33,0,Midwest,6
436,2024,Samford,0,33,0.4538735052578909,33,0,Midwest,13
437,2024,Saint Peter's,0,33,0.12833195117354823,33,0,Midwest,15
443,2024,Montana St.,0,33,0.10104426133407529,33,0,Midwest,16
474,2024,McNeese St.,0,33,0.6792477599723166,33,0,Midwest,12
509,2024,Grambling St.,0,33,0.10352351867555702,33,0,Midwest,16
513,2024,Colorado St.,0,33,0.6027224634559462,33,0,Midwest,10
519,2024,Akron,0,33,0.268174306929583,33,0,Midwest,14
7,2024,Connecticut,6,1,3.5054526972146056,2,5,East,1
66,2024,Illinois,3,5,1.7429147950078043,9,2,East,3
99,2024,Iowa St.,2,9,2.302114088620162,3,4,East,2
116,2024,San Diego St.,2,9,0.960291493980053,17,1,East,5
287,2024,Yale,1,17,0.4136646047839752,33,0,East,13
291,2024,Washington St.,1,17,0.80738355461078,33,0,East,7
336,2024,Duquesne,1,17,0.37140235967826807,33,0,East,11
374,2024,Northwestern,1,17,0.7405921620849638,33,0,East,9
430,2024,UAB,0,33,0.3140884123166,33,0,East,12
433,2024,Stetson,0,33,0.14857703295985958,33,0,East,16
434,2024,South Dakota St.,0,33,0.22435588437802256,33,0,East,15
442,2024,Morehead St.,0,33,0.311750404012745,33,0,East,14
510,2024,Florida Atlantic,0,33,0.718607420107967,33,0,East,8
512,2024,Drake,0,33,0.5880398921951786,33,0,East,10
516,2024,BYU,0,33,1.0940314255909973,17,1,East,6
518,2024,Auburn,0,33,1.813618830655233,5,3,East,4
8,2023,Connecticut,6,1,1.6064130374207677,9,2,West,4
55,2023,Gonzaga,3,5,2.2183871495247085,5,3,West,3
129,2023,UCLA,2,9,2.787116196718846,1,6,West,2
160,2023,Arkansas,2,9,0.8884882623590501,17,1,West,8
231,2023,Saint Mary's,1,17,1.2049320232608847,9,2,West,5
232,2023,Northwestern,1,17,0.8321309462872799,33,0,West,7
241,2023,Kansas,1,17,1.7859967629834956,9,2,West,1
260,2023,TCU,1,17,1.0174918816953897,17,1,West,6
486,2023,Iona,0,33,0.5006128361073858,33,0,West,13
487,2023,Illinois,0,33,1.0059903009441225,17,1,West,9
488,2023,Howard,0,33,0.12684262293100268,33,0,West,16
489,2023,Grand Canyon,0,33,0.2606345512526608,33,0,West,14
493,2023,Boise St.,0,33,0.6963018112233794,33,0,West,10
494,2023,Arizona St.,0,33,0.6550330454963679,33,0,West,11
504,2023,Nevada,0,33,0.544400977067083,33,0,West,11
523,2023,VCU,0,33,0.602939783256861,33,0,West,12
525,2023,UNC Asheville,0,33,0.19173298228844918,33,0,West,15
16,2023,San Diego St.,5,2,1.0412875899056397,17,1,South,5
88,2023,Creighton,3,5,1.0524920517625032,17,1,South,6
107,2023,Princeton,2,9,0.2454001577723946,33,0,South,15
119,2023,Alabama,2,9,2.445736746486327,3,4,South,1
193,2023,Furman,1,17,0.3461391670584997,33,0,South,13
198,2023,Maryland,1,17,0.8656687921148144,33,0,South,8
219,2023,Missouri,1,17,0.8439490662386323,33,0,South,7
233,2023,Baylor,1,17,1.3565922394335348,9,2,South,3
490,2023,College of Charleston,0,33,0.537180015180565,33,0,South,12
495,2023,Arizona,0,33,2.0541077763643405,5,3,South,2
505,2023,North Carolina St.,0,33,0.8846909357310111,17,1,South,11
520,2023,West Virginia,0,33,0.9213492960944083,17,1,South,9
521,2023,Virginia,0,33,0.9558582371979807,17,1,South,4
524,2023,Utah St.,0,33,0.7083886185207598,33,0,South,10
526,2023,UC Santa Barbara,0,33,0.33932785246795505,33,0,South,14
528,2023,Texas A&M Corpus Chris,0,33,0.1554378260966617,33,0,South,16
530,2023,Southeast Missouri St.,0,33,0.06754551652784099,33,0,South,16
34,2023,Miami FL,4,3,0.9180609409621386,17,1,Midwest,5
62,2023,Texas,3,5,2.0759228484062264,5,3,Midwest,2
135,2023,Xavier,2,9,1.1816241796463347,9,2,Midwest,3
172,2023,Houston,2,9,2.774454299884177,2,5,Midwest,1
235,2023,Auburn,1,17,0.767881850193135,33,0,Midwest,9
238,2023,Penn St.,1,17,0.6266331852850013,33,0,Midwest,10
245,2023,Pittsburgh,1,17,0.5499308446983456,33,0,Midwest,11
259,2023,Indiana,1,17,1.0760171837757198,17,1,Midwest,4
477,2023,Drake,0,33,0.4591776066558826,33,0,Midwest,12
479,2023,Mississippi St.,0,33,0.6627114628978794,33,0,Midwest,11
482,2023,Kent St.,0,33,0.5223197123461047,33,0,Midwest,13
483,2023,Kennesaw St.,0,33,0.2699696638597677,33,0,Midwest,14
484,2023,Iowa St.,0,33,1.078919086172184,9,2,Midwest,6
485,2023,Iowa,0,33,0.8787671700666477,17,1,Midwest,8
492,2023,Colgate,0,33,0.32285178222196603,33,0,Midwest,15
506,2023,Northern Kentucky,0,33,0.1946407667443568,33,0,Midwest,16
529,2023,Texas A&M,0,33,0.9760112495949063,17,1,Midwest,7
24,2023,Florida Atlantic,4,3,0.9229799038297859,17,1,East,9
73,2023,Kansas St.,3,5,0.8316294472671891,33,0,East,3
153,2023,Tennessee,2,9,1.5446359332684036,9,2,East,4
158,2023,Michigan St.,2,9,0.8796815238041491,17,1,East,7
201,2023,Marquette,1,17,2.1318475276987234,5,3,East,2
218,2023,Fairleigh Dickinson,1,17,0.07570548848052606,33,0,East,16
226,2023,Duke,1,17,1.548240988302572,9,2,East,5
255,2023,Kentucky,1,17,1.0251958653695357,17,1,East,6
416,2023,USC,0,33,0.8721652207761875,33,0,East,10
478,2023,Montana St.,0,33,0.2540423558591837,33,0,East,14
480,2023,Memphis,0,33,1.0350258677993913,17,1,East,8
481,2023,Louisiana Lafayette,0,33,0.41226327364886334,33,0,East,13
507,2023,Oral Roberts,0,33,0.7247306625065316,33,0,East,12
522,2023,Vermont,0,33,0.2610196510182006,33,0,East,15
527,2023,Texas Southern,0,33,0.060591526794071614,33,0,East,16
531,2023,Purdue,0,33,2.5072729668856972,3,4,East,1
532,2023,Providence,0,33,0.8304809075086128,33,0,East,11
25,2022,Duke,4,3,2.1570381977813637,5,3,West,2
94,2022,Arkansas,3,5,0.8854734018775561,17,1,West,4
112,2022,Gonzaga,2,9,3.0678612758391592,1,6,West,1
127,2022,Texas Tech,2,9,1.6099746861568753,9,2,West,3
206,2022,Notre Dame,1,17,0.6539063507871019,33,0,West,11
209,2022,New Mexico St.,1,17,0.4057711493065325,33,0,West,12
225,2022,Memphis,1,17,0.8926321904687287,17,1,West,9
240,2022,Michigan St.,1,17,0.7407600127223062,33,0,West,7
393,2022,Rutgers,0,33,0.4954336693847975,33,0,West,11
401,2022,Montana St.,0,33,0.19458388066017562,33,0,West,14
402,2022,Georgia St.,0,33,0.21698348382330881,33,0,West,16
405,2022,Davidson,0,33,0.6436638228781889,33,0,West,10
406,2022,Connecticut,0,33,1.0839200601730041,17,1,West,5
410,2022,Cal St. Fullerton,0,33,0.1655297231484256,33,0,West,15
412,2022,Boise St.,0,33,0.7939555158706563,17,1,West,8
413,2022,Alabama,0,33,0.8079415720924331,17,1,West,6
500,2022,Vermont,0,33,0.4582359950812236,33,0,West,13
42,2022,Villanova,4,3,2.162833926965533,5,3,South,2
63,2022,Houston,3,5,2.126549464283778,9,2,South,5
146,2022,Michigan,2,9,0.7907074399040983,17,1,South,11
177,2022,Arizona,2,9,2.5872700603730436,3,4,South,1
222,2022,Tennessee,1,17,2.44018612524014,5,3,South,3
258,2022,Ohio St.,1,17,0.7746102769461792,33,0,South,7
266,2022,TCU,1,17,0.8548767206949465,17,1,South,9
380,2022,Illinois,1,17,1.0616969146494075,17,1,South,4
386,2022,Seton Hall,0,33,0.9140556374561186,17,1,South,8
395,2022,Loyola Chicago,0,33,0.6224294568613379,33,0,South,10
396,2022,Longwood,0,33,0.23969944103285973,33,0,South,14
404,2022,Delaware,0,33,0.19202933999452418,33,0,South,15
407,2022,Colorado St.,0,33,0.6638347923523146,33,0,South,6
409,2022,Chattanooga,0,33,0.47926831757315924,33,0,South,13
411,2022,Bryant,0,33,0.13922475012459037,33,0,South,16
498,2022,Wright St.,0,33,0.12725691739938785,33,0,South,16
502,2022,UAB,0,33,0.6987404460197931,33,0,South,12
1,2022,Kansas,6,1,2.58771168584881,2,5,Midwest,1
57,2022,Miami FL,3,5,0.7535691002942089,33,0,Midwest,10
140,2022,Iowa St.,2,9,0.726443216482874,33,0,Midwest,11
188,2022,Providence,2,9,0.6854964378097673,33,0,Midwest,4
216,2022,Richmond,1,17,0.3407317283217911,33,0,Midwest,12
243,2022,Wisconsin,1,17,1.0345832821470684,17,1,Midwest,3
317,2022,Auburn,1,17,1.8891014885663073,9,2,Midwest,2
364,2022,Creighton,1,17,0.6683667834165211,33,0,Midwest,9
387,2022,San Diego St.,0,33,0.7997862784656977,17,1,Midwest,8
394,2022,LSU,0,33,1.2475291577336736,9,2,Midwest,6
398,2022,Jacksonville St.,0,33,0.20525118831792777,33,0,Midwest,15
399,2022,Iowa,0,33,1.778366207300382,9,2,Midwest,5
408,2022,Colgate,0,33,0.19671408306442612,33,0,Midwest,14
417,2022,South Dakota St.,0,33,0.44279656615355617,33,0,Midwest,13
476,2022,Texas A&M Corpus Chris,0,33,0.09042520548972963,33,0,Midwest,16
501,2022,USC,0,33,0.8394681228889372,17,1,Midwest,7
503,2022,Texas Southern,0,33,0.14088847323613213,33,0,Midwest,16
17,2022,North Carolina,5,2,1.012781757574669,17,1,East,8
91,2022,Saint Peter's,3,5,0.17603321594327545,33,0,East,15
144,2022,UCLA,2,9,1.7715432240544362,9,2,East,4
170,2022,Purdue,2,9,1.6026055827801733,9,2,East,3
223,2022,Texas,1,17,1.220476875972206,9,2,East,6
262,2022,Saint Mary's,1,17,0.9628885447893503,17,1,East,5
264,2022,Murray St.,1,17,0.8837597903774441,17,1,East,7
318,2022,Baylor,1,17,2.5199543879956177,3,4,East,1
385,2022,San Francisco,0,33,0.7162731214003489,33,0,East,10
391,2022,Marquette,0,33,0.6031721522450002,33,0,East,9
397,2022,Kentucky,0,33,2.2187994642476996,5,3,East,2
400,2022,Indiana,0,33,0.7119598596880939,33,0,East,12
403,2022,Norfolk St.,0,33,0.16717801498466855,33,0,East,16
414,2022,Akron,0,33,0.2097947192342886,33,0,East,13
496,2022,Yale,0,33,0.15996641650305374,33,0,East,14
497,2022,Wyoming,0,33,0.4776941012302298,33,0,East,12
499,2022,Virginia Tech,0,33,1.0089547495185824,17,1,East,11
13,2021,Gonzaga,5,2,3.2871462741532533,1,6,West,1
75,2021,USC,3,5,1.6745758193390738,5,3,West,6
98,2021,Creighton,2,9,1.1067919882273198,17,1,West,5
156,2021,Oregon,2,9,1.0832028566342387,17,1,West,7
274,2021,Kansas,1,17,1.476774250952031,9,2,West,3
276,2021,Iowa,1,17,1.9856114838603165,5,3,West,2
305,2021,Oklahoma,1,17,0.7132054585042303,33,0,West,8
310,2021,Ohio,1,17,0.3606318317008629,33,0,West,13
384,2021,Virginia,0,33,1.1931882881362823,17,1,West,4
389,2021,VCU,0,33,0.6375407815320384,33,0,West,10
390,2021,Wichita St.,0,33,0.4708421800380082,33,0,West,11
676,2021,UC Santa Barbara,0,33,0.5181491911580426,33,0,West,12
716,2021,Missouri,0,33,0.6011001663151002,33,0,West,9
719,2021,Norfolk St.,0,33,0.12307559153676527,33,0,West,16
730,2021,Grand Canyon,0,33,0.3195467661622157,33,0,West,15
733,2021,Eastern Washington,0,33,0.22737483436403227,33,0,West,14
735,2021,Drake,0,33,0.5984963533928189,33,0,West,11
741,2021,Appalachian St.,0,33,0.09867815734429287,33,0,West,16
3,2021,Baylor,6,1,2.6488608281500987,3,4,South,1
65,2021,Arkansas,3,5,1.3214401653976693,9,2,South,3
128,2021,Villanova,2,9,1.2439326877750507,9,2,South,5
189,2021,Oral Roberts,2,9,0.15443017724011027,33,0,South,15
298,2021,Florida,1,17,0.8209653866766923,33,0,South,7
309,2021,Wisconsin,1,17,1.0647402689423804,17,1,South,9
313,2021,North Texas,1,17,0.3924426887558372,33,0,South,13
346,2021,Texas Tech,1,17,1.0949043238650575,17,1,South,6
388,2021,Virginia Tech,0,33,0.5713097423853537,33,0,South,10
392,2021,Winthrop,0,33,0.4386020255161379,33,0,South,12
533,2021,Utah St.,0,33,0.6841239407803286,33,0,South,11
713,2021,North Carolina,0,33,1.361376291089786,9,2,South,8
720,2021,Ohio St.,0,33,1.3340221601440632,9,2,South,2
722,2021,Purdue,0,33,1.2339358170553238,17,1,South,4
729,2021,Hartford,0,33,0.15384746292358373,33,0,South,16
737,2021,Colgate,0,33,0.44824357929208103,33,0,South,14
37,2021,Houston,4,3,1.99469803389489,5,3,Midwest,2
95,2021,Oregon St.,3,5,0.4785478138885547,33,0,Midwest,12
150,2021,Syracuse,2,9,0.8464487504732306,33,0,Midwest,11
181,2021,Loyola Chicago,2,9,0.8615801556397671,33,0,Midwest,8
267,2021,Illinois,1,17,2.777235191513671,2,5,Midwest,1
284,2021,West Virginia,1,17,0.9695314437174672,17,1,Midwest,3
304,2021,Oklahoma St.,1,17,1.0728203746163756,17,1,Midwest,4
373,2021,Rutgers,1,17,0.8370449904178119,33,0,Midwest,10
714,2021,Liberty,0,33,0.30488350231516875,33,0,Midwest,13
717,2021,Morehead St.,0,33,0.230708991452995,33,0,Midwest,14
723,2021,San Diego St.,0,33,1.151227895299755,17,1,Midwest,6
725,2021,Tennessee,0,33,1.1855134805306007,17,1,Midwest,5
731,2021,Georgia Tech,0,33,0.9374924787685469,17,1,Midwest,9
734,2021,Drexel,0,33,0.1509219585969907,33,0,Midwest,16
738,2021,Cleveland St.,0,33,0.177213890181793,33,0,Midwest,15
739,2021,Clemson,0,33,0.9094660512639633,17,1,Midwest,7
47,2021,UCLA,4,3,0.9374067592883427,17,1,East,11
93,2021,Michigan,3,5,2.2146894165755544,5,3,East,1
108,2021,Alabama,2,9,2.272230518229731,3,4,East,2
191,2021,Florida St.,2,9,1.2494851504731885,9,2,East,4
320,2021,Maryland,1,17,0.7165696363913352,33,0,East,10
325,2021,LSU,1,17,1.1702588337491242,17,1,East,8
369,2021,Colorado,1,17,1.3169879373676263,9,2,East,5
376,2021,Abilene Christian,1,17,0.38937104036823306,33,0,East,14
535,2021,UNC Greensboro,0,33,0.37141087600519496,33,0,East,13
715,2021,Michigan St.,0,33,0.5288430527438654,33,0,East,11
718,2021,Mount St. Mary's,0,33,0.1084314909515471,33,0,East,16
724,2021,St. Bonaventure,0,33,0.829212312489516,33,0,East,9
726,2021,Texas,0,33,1.4824799985417316,9,2,East,3
727,2021,Texas Southern,0,33,0.12531061210321195,33,0,East,16
728,2021,Iona,0,33,0.1662331298472387,33,0,East,15
732,2021,Georgetown,0,33,0.6544152821251119,33,0,East,12
736,2021,Connecticut,0,33,1.148225229953908,17,1,East,7
740,2021,BYU,0,33,0.989993900883482,17,1,East,6
18,2019,Texas Tech,5,2,1.4118218849279862,9,2,West,3
84,2019,Gonzaga,3,5,2.084195695817515,5,3,West,1
125,2019,Florida St.,2,9,1.309750887127806,17,1,West,4
164,2019,Michigan,2,9,2.2295879034822628,3,4,West,2
194,2019,Florida,1,17,0.9546420070680268,17,1,West,10
207,2019,Baylor,1,17,0.693320286204581,33,0,West,9
220,2019,Murray St.,1,17,0.4770523109491611,33,0,West,12
221,2019,Buffalo,1,17,0.8791145125621601,17,1,West,6
679,2019,Montana,0,33,0.23853386779495722,33,0,West,15
680,2019,Nevada,0,33,0.8593511273377006,17,1,West,7
684,2019,Northern Kentucky,0,33,0.2615317167105482,33,0,West,14
685,2019,Marquette,0,33,0.7288979250289912,33,0,West,5
687,2019,Prairie View A&M,0,33,0.10052401907487019,33,0,West,16
691,2019,St. John's,0,33,0.46503200240472997,33,0,West,11
700,2019,Arizona St.,0,33,0.5324124729914249,33,0,West,11
705,2019,Fairleigh Dickinson,0,33,0.10404252338893825,33,0,West,16
710,2019,Syracuse,0,33,0.9467754280111587,17,1,West,8
744,2019,Vermont,0,33,0.3794128934328719,33,0,West,13
5,2019,Virginia,6,1,3.0581595237372428,2,5,South,1
50,2019,Purdue,3,5,1.9043951660442484,9,2,South,3
134,2019,Tennessee,2,9,1.5324098442900298,9,2,South,2
139,2019,Oregon,2,9,0.9177403311299427,17,1,South,12
199,2019,Iowa,1,17,0.7110180492611792,33,0,South,10
249,2019,Oklahoma,1,17,0.8309741292382834,17,1,South,9
337,2019,Villanova,1,17,1.1090509202567664,17,1,South,6
350,2019,UC Irvine,1,17,0.44505323241622796,33,0,South,13
686,2019,Old Dominion,0,33,0.3487652811973175,33,0,South,14
689,2019,Saint Mary's,0,33,0.7262090078239675,33,0,South,11
692,2019,Mississippi,0,33,0.6815375558728156,33,0,South,8
702,2019,Cincinnati,0,33,1.1334878000348867,17,1,South,7
703,2019,Kansas St.,0,33,1.1458731311227393,17,1,South,4
704,2019,Colgate,0,33,0.2475950889119538,33,0,South,15
706,2019,Gardner Webb,0,33,0.13698805872468528,33,0,South,16
743,2019,Wisconsin,0,33,1.470417085683355,9,2,South,5
44,2019,Auburn,4,3,1.9443002823778572,5,3,Midwest,5
82,2019,Kentucky,3,5,2.1342014116940153,5,3,Midwest,2
115,2019,Houston,2,9,1.1497823934529285,17,1,Midwest,3
120,2019,North Carolina,2,9,2.3497019173467653,3,4,Midwest,1
239,2019,Ohio St.,1,17,0.5597768299710998,33,0,Midwest,11
244,2019,Kansas,1,17,1.5671989202279095,9,2,Midwest,4
334,2019,Washington,1,17,0.734015619930241,17,1,Midwest,9
358,2019,Wofford,1,17,0.9875123634268022,17,1,Midwest,7
534,2019,Abilene Christian,0,33,0.1926753079893909,33,0,Midwest,15
677,2019,Northeastern,0,33,0.26857307381139506,33,0,Midwest,13
681,2019,New Mexico St.,0,33,0.5947887800575989,33,0,Midwest,12
690,2019,Seton Hall,0,33,0.573647958186282,33,0,Midwest,10
707,2019,Georgia St.,0,33,0.34649028847397684,33,0,Midwest,14
708,2019,Iona,0,33,0.11648164867069094,33,0,Midwest,16
709,2019,Iowa St.,0,33,1.461485844781016,9,2,Midwest,6
712,2019,Utah St.,0,33,0.5594056247577528,33,0,Midwest,8
36,2019,Michigan St.,4,3,2.1693238413086005,5,3,East,2
67,2019,Duke,3,5,3.8662028749546367,1,6,East,1
132,2019,Virginia Tech,2,9,1.557172418810775,9,2,East,4
173,2019,LSU,2,9,1.3532139958560014,9,2,East,3
203,2019,Liberty,1,17,0.3479883472706885,33,0,East,12
248,2019,Minnesota,1,17,0.6157280736360238,33,0,East,10
251,2019,Maryland,1,17,1.0788696279373695,17,1,East,6
349,2019,UCF,1,17,0.683390241600162,33,0,East,9
678,2019,Mississippi St.,0,33,1.3344056238292115,17,1,East,5
682,2019,North Carolina Central,0,33,0.056201217348173606,33,0,East,16
683,2019,North Dakota St.,0,33,0.1130558723589604,33,0,East,16
688,2019,Saint Louis,0,33,0.35636476827164415,33,0,East,13
693,2019,Louisville,0,33,0.8185869579012213,17,1,East,7
695,2019,Bradley,0,33,0.1306627572173503,33,0,East,15
701,2019,Belmont,0,33,0.49995372648802355,33,0,East,11
711,2019,Temple,0,33,0.5368561183901805,33,0,East,11
721,2019,VCU,0,33,0.579859804363597,33,0,East,8
742,2019,Yale,0,33,0.30645179724033067,33,0,East,14
21,2018,Michigan,5,2,1.9918667678265338,5,3,West,3
58,2018,Florida St.,3,5,0.9284838277719847,17,1,West,9
102,2018,Texas A&M,2,9,1.0126933448930728,17,1,West,7
178,2018,Gonzaga,2,9,1.8793922531635465,9,2,West,4
196,2018,Xavier,1,17,1.5194443570110678,9,2,West,1
197,2018,Houston,1,17,0.8264214261819469,17,1,West,6
246,2018,Ohio St.,1,17,1.2161745541384,9,2,West,5
250,2018,North Carolina,1,17,2.1699031557540582,5,3,West,2
746,2018,UNC Greensboro,0,33,0.4323288465617402,33,0,West,13
782,2018,Texas Southern,0,33,0.08806612186408358,33,0,West,16
783,2018,Providence,0,33,0.6040430198680762,33,0,West,10
786,2018,North Carolina Central,0,33,0.05184417164382678,33,0,West,16
792,2018,San Diego St.,0,33,0.7857463199692825,33,0,West,11
793,2018,South Dakota St.,0,33,0.46026070939466396,33,0,West,12
798,2018,Montana,0,33,0.41202281469450264,33,0,West,14
799,2018,Missouri,0,33,0.6109803567624129,33,0,West,8
802,2018,Lipscomb,0,33,0.16451039318140787,33,0,West,15
28,2018,Loyola Chicago,4,3,0.4377002334978894,33,0,South,11
49,2018,Kansas St.,3,5,0.6835453337994525,33,0,South,9
174,2018,Nevada,2,9,0.7512419771869068,33,0,South,7
184,2018,Kentucky,2,9,1.501204741805256,9,2,South,5
227,2018,Cincinnati,1,17,2.0800810094823707,5,3,South,2
229,2018,Tennessee,1,17,1.0500273949234058,17,1,South,3
253,2018,UMBC,1,17,0.17733838190546677,33,0,South,16
257,2018,Buffalo,1,17,0.38761189532647405,33,0,South,13
698,2018,Wright St.,0,33,0.2522651597704823,33,0,South,14
745,2018,Virginia,0,33,4.019177668447927,1,6,South,1
797,2018,Texas,0,33,1.0223483541682767,17,1,South,10
800,2018,Miami FL,0,33,1.090419060905716,17,1,South,6
804,2018,Georgia St.,0,33,0.2992866668810889,33,0,South,15
805,2018,Davidson,0,33,0.4950375738874577,33,0,South,12
806,2018,Creighton,0,33,0.8213434468039837,17,1,South,8
812,2018,Arizona,0,33,1.4316368572132847,9,2,South,4
38,2018,Kansas,4,3,2.2819193142227285,3,4,Midwest,1
51,2018,Duke,3,5,2.7457198135181375,3,4,Midwest,2
157,2018,Syracuse,2,9,0.9202353294618415,17,1,Midwest,11
169,2018,Clemson,2,9,1.0177484791973266,17,1,Midwest,5
192,2018,Rhode Island,1,17,0.6427194239895397,33,0,Midwest,7
213,2018,Michigan St.,1,17,1.7146896355008032,9,2,Midwest,3
224,2018,Seton Hall,1,17,0.9605258541760909,17,1,Midwest,8
261,2018,Auburn,1,17,1.0618472691158702,17,1,Midwest,4
785,2018,New Mexico St.,0,33,0.6707269668295047,33,0,Midwest,12
787,2018,North Carolina St.,0,33,0.6522979643255669,33,0,Midwest,9
788,2018,Oklahoma,0,33,0.8310485295704747,17,1,Midwest,10
789,2018,Penn,0,33,0.22370211776851257,33,0,Midwest,16
796,2018,TCU,0,33,0.8331332431848497,17,1,Midwest,6
803,2018,Iona,0,33,0.14924327536435145,33,0,Midwest,15
807,2018,College of Charleston,0,33,0.2427424772057911,33,0,Midwest,13
809,2018,Bucknell,0,33,0.23318472332712184,33,0,Midwest,14
811,2018,Arizona St.,0,33,0.6521912013284323,33,0,Midwest,11
10,2018,Villanova,6,1,3.3930007120623036,2,5,East,1
80,2018,Texas Tech,3,5,1.1713899396034766,9,2,East,3
143,2018,West Virginia,2,9,1.3829469090665314,9,2,East,5
159,2018,Purdue,2,9,1.9396472420568132,5,3,East,2
202,2018,Florida,1,17,1.0937823758302863,17,1,East,6
211,2018,Marshall,1,17,0.1971475988370938,33,0,East,13
230,2018,Alabama,1,17,0.5537835824138917,33,0,East,9
254,2018,Butler,1,17,1.007628098534827,17,1,East,10
696,2018,Virginia Tech,0,33,0.7302238526735486,33,0,East,8
697,2018,Wichita St.,0,33,0.9911177751749622,17,1,East,4
747,2018,UCLA,0,33,0.7872423465629849,33,0,East,11
784,2018,Murray St.,0,33,0.4191399277604205,33,0,East,12
790,2018,Radford,0,33,0.1604113072617622,33,0,East,16
794,2018,St. Bonaventure,0,33,0.40932358806641683,33,0,East,11
795,2018,Stephen F. Austin,0,33,0.3002046154888228,33,0,East,14
801,2018,LIU Brooklyn,0,33,0.06241846331916432,33,0,East,16
808,2018,Cal St. Fullerton,0,33,0.11163787977911938,33,0,East,15
810,2018,Arkansas,0,33,0.8008299707345978,33,0,East,7
23,2017,Gonzaga,5,2,2.122466143369474,3,4,West,1
76,2017,Xavier,3,5,0.7041145873743618,33,0,West,11
136,2017,Arizona,2,9,1.8323336638947971,5,3,West,2
185,2017,West Virginia,2,9,1.8181979751618915,9,2,West,4
205,2017,Florida St.,1,17,1.5298614701796016,9,2,West,3
210,2017,Saint Mary's,1,17,0.9800946843465232,17,1,West,7
228,2017,Notre Dame,1,17,1.2356579107083046,17,1,West,5
256,2017,Northwestern,1,17,0.6330410398958869,33,0,West,8
751,2017,North Dakota,0,33,0.12370836301646515,33,0,West,15
754,2017,Princeton,0,33,0.4981338768110227,33,0,West,12
756,2017,VCU,0,33,0.46082067465991844,33,0,West,10
758,2017,South Dakota St.,0,33,0.12914663169249674,33,0,West,16
768,2017,Maryland,0,33,0.679225385016866,33,0,West,6
774,2017,Florida Gulf Coast,0,33,0.291006777027209,33,0,West,14
778,2017,Bucknell,0,33,0.27281781621776374,33,0,West,13
780,2017,Vanderbilt,0,33,0.596226480364532,33,0,West,9
2,2017,North Carolina,6,1,2.6421887468279435,2,5,South,1
68,2017,Kentucky,3,5,2.325859678642966,3,4,South,2
130,2017,Butler,2,9,1.0515892344552682,17,1,South,4
187,2017,UCLA,2,9,1.469674454549799,17,1,South,3
208,2017,Cincinnati,1,17,1.6318100946814649,9,2,South,6
217,2017,Arkansas,1,17,0.6095966441127841,33,0,South,8
237,2017,Middle Tennessee,1,17,0.5827091532608862,33,0,South,12
242,2017,Wichita St.,1,17,1.2583482794127516,17,1,South,10
752,2017,Northern Kentucky,0,33,0.177592359692827,33,0,South,15
755,2017,Seton Hall,0,33,0.7080401667608368,33,0,South,9
759,2017,Texas Southern,0,33,0.12456923877043839,33,0,South,16
766,2017,Minnesota,0,33,0.7407506475597008,17,1,South,5
770,2017,Kent St.,0,33,0.2162622722948861,33,0,South,14
771,2017,Kansas St.,0,33,0.7177454612116216,17,1,South,11
776,2017,Dayton,0,33,0.5290458460341513,33,0,South,7
813,2017,Winthrop,0,33,0.2403456029631699,33,0,South,13
814,2017,Wake Forest,0,33,0.6539698898636166,33,0,South,11
40,2017,Oregon,4,3,1.3693185224208053,17,1,Midwest,3
72,2017,Kansas,3,5,1.9991798145836963,5,3,Midwest,1
101,2017,Michigan,2,9,1.520396174843129,17,1,Midwest,7
118,2017,Purdue,2,9,1.2692587968514013,17,1,Midwest,4
200,2017,Rhode Island,1,17,0.5552416859848894,33,0,Midwest,11
234,2017,Michigan St.,1,17,0.48294147547470084,33,0,Midwest,9
252,2017,Iowa St.,1,17,1.7581926176531824,9,2,Midwest,5
263,2017,Louisville,1,17,2.0032412267247874,5,3,Midwest,2
750,2017,North Carolina Central,0,33,0.17985062276728825,33,0,Midwest,16
753,2017,Oklahoma St.,0,33,0.9674448580293418,17,1,Midwest,10
761,2017,UC Davis,0,33,0.10264425107007821,33,0,Midwest,16
764,2017,Nevada,0,33,0.4563020857460203,33,0,Midwest,12
767,2017,Miami FL,0,33,0.9915425493362221,17,1,Midwest,8
772,2017,Jacksonville St.,0,33,0.13615621882924747,33,0,Midwest,15
773,2017,Iona,0,33,0.19601200520726342,33,0,Midwest,14
777,2017,Creighton,0,33,0.9391034407152768,17,1,Midwest,6
781,2017,Vermont,0,33,0.44109163938801804,33,0,Midwest,13
33,2017,South Carolina,4,3,0.7169563770795377,33,0,East,7
61,2017,Florida,3,5,1.6161914149432146,9,2,East,4
124,2017,Baylor,2,9,1.3317548034391677,17,1,East,3
161,2017,Wisconsin,2,9,1.6902098980421145,9,2,East,8
195,2017,Duke,1,17,2.0309971770315323,5,3,East,2
204,2017,USC,1,17,0.7458005925181906,17,1,East,11
236,2017,Virginia,1,17,1.7970468182676473,9,2,East,5
247,2017,Villanova,1,17,3.0787814631796278,1,6,East,1
748,2017,Providence,0,33,0.5030406472558249,33,0,East,11
749,2017,New Orleans,0,33,0.10532808131462248,33,0,East,16
757,2017,SMU,0,33,1.7433523258052153,9,2,East,6
760,2017,Troy,0,33,0.1676032467883315,33,0,East,15
762,2017,UNC Wilmington,0,33,0.43329846493325597,33,0,East,12
763,2017,New Mexico St.,0,33,0.26606969413318743,33,0,East,14
765,2017,Mount St. Mary's,0,33,0.10333703765014332,33,0,East,16
769,2017,Marquette,0,33,0.7432465894369156,17,1,East,10
775,2017,East Tennessee St.,0,33,0.3721786060183569,33,0,East,13
791,2017,Virginia Tech,0,33,0.5999375257055368,33,0,East,9
43,2016,Oklahoma,4,3,1.6760631099320096,9,2,West,2
59,2016,Oregon,3,5,1.7728087031349506,5,3,West,1
133,2016,Texas A&M,2,9,1.4254448020405228,9,2,West,3
155,2016,Duke,2,9,1.589467869330001,9,2,West,4
215,2016,Yale,1,17,0.5304471415102964,33,0,West,12
285,2016,VCU,1,17,0.7524231116267136,33,0,West,10
345,2016,Northern Iowa,1,17,0.3985347864378329,33,0,West,11
348,2016,Saint Joseph's,1,17,0.7654177925374618,33,0,West,8
575,2016,Oregon St.,0,33,0.5906598285660016,33,0,West,7
579,2016,Southern,0,33,0.1176740913985637,33,0,West,16
583,2016,Texas,0,33,1.0525583199857294,17,1,West,6
588,2016,Holy Cross,0,33,0.05763171800809284,33,0,West,16
590,2016,Green Bay,0,33,0.24721769286221223,33,0,West,14
596,2016,Cincinnati,0,33,1.0501241607673637,17,1,West,9
599,2016,Cal St. Bakersfield,0,33,0.29696318943262856,33,0,West,15
601,2016,Baylor,0,33,0.9809541790923898,17,1,West,5
674,2016,UNC Wilmington,0,33,0.3692801592867748,33,0,West,13
11,2016,Villanova,6,1,1.9282248673076887,5,3,South,2
78,2016,Kansas,3,5,3.1466037457214378,2,5,South,1
141,2016,Miami FL,2,9,1.3749038803717903,9,2,South,3
142,2016,Maryland,2,9,1.1468374797479086,17,1,South,5
212,2016,Wichita St.,1,17,1.0929349079663977,17,1,South,11
335,2016,Connecticut,1,17,0.9824755844903243,17,1,South,9
339,2016,Hawaii,1,17,0.45776041544150947,33,0,South,13
340,2016,Iowa,1,17,1.2502418372134185,9,2,South,7
572,2016,South Dakota St.,0,33,0.39899253987742267,33,0,South,12
582,2016,Temple,0,33,0.5490427511469237,33,0,South,10
586,2016,UNC Asheville,0,33,0.19528851586305535,33,0,South,15
595,2016,Colorado,0,33,0.6651481989520862,33,0,South,8
598,2016,California,0,33,1.1161404374213073,17,1,South,4
600,2016,Buffalo,0,33,0.2021231800527918,33,0,South,14
602,2016,Austin Peay,0,33,0.08523815866133169,33,0,South,16
603,2016,Arizona,0,33,1.2334947336398758,17,1,South,6
675,2016,Vanderbilt,0,33,0.824336365950284,17,1,South,11
41,2016,Syracuse,4,3,0.8143774555205128,33,0,Midwest,10
79,2016,Virginia,3,5,2.2687674495700545,5,3,Midwest,1
145,2016,Iowa St.,2,9,1.0934628031696407,17,1,Midwest,4
151,2016,Gonzaga,2,9,1.0659054315789167,17,1,Midwest,11
265,2016,Butler,1,17,0.9258803561288441,17,1,Midwest,9
342,2016,Little Rock,1,17,0.5388535368287051,33,0,Midwest,12
343,2016,Middle Tennessee,1,17,0.2744309265474883,33,0,Midwest,15
356,2016,Utah,1,17,0.8826027658784462,17,1,Midwest,3
574,2016,Michigan St.,0,33,2.309430596647824,3,4,Midwest,2
577,2016,Purdue,0,33,1.5483845744926799,9,2,Midwest,5
578,2016,Seton Hall,0,33,1.3347595636266096,9,2,Midwest,6
584,2016,Texas Tech,0,33,0.5438027864251925,33,0,Midwest,8
587,2016,Iona,0,33,0.29049467878500007,33,0,Midwest,13
589,2016,Hampton,0,33,0.11642637113832661,33,0,Midwest,16
591,2016,Fresno St.,0,33,0.43478375089882804,33,0,Midwest,14
594,2016,Dayton,0,33,0.6182768628917269,33,0,Midwest,7
20,2016,North Carolina,5,2,3.5253051701769627,1,6,East,1
54,2016,Notre Dame,3,5,0.9804304730521078,17,1,East,6
137,2016,Wisconsin,2,9,0.8136080733840522,33,0,East,7
148,2016,Indiana,2,9,1.219133292149049,17,1,East,5
214,2016,Xavier,1,17,1.5554190246969735,9,2,East,2
341,2016,Kentucky,1,17,2.3332683284812856,3,4,East,4
347,2016,Providence,1,17,0.7802979601274848,33,0,East,9
352,2016,Stephen F. Austin,1,17,0.4002597479034943,33,0,East,14
553,2016,USC,0,33,0.8790462184570609,17,1,East,8
573,2016,Michigan,0,33,0.7849400687805324,33,0,East,11
576,2016,Pittsburgh,0,33,0.820332612610124,33,0,East,10
581,2016,Stony Brook,0,33,0.4108870745283905,33,0,East,13
585,2016,Tulsa,0,33,0.42238745293760593,33,0,East,11
592,2016,Florida Gulf Coast,0,33,0.18294102371618862,33,0,East,16
593,2016,Fairleigh Dickinson,0,33,0.07163978529986677,33,0,East,16
597,2016,Chattanooga,0,33,0.324179199459033,33,0,East,12
694,2016,Weber St.,0,33,0.17893726204541585,33,0,East,15
779,2016,West Virginia,0,33,1.9328890662904827,5,3,East,3
15,2015,Wisconsin,5,2,3.9337666958014927,2,5,West,1
74,2015,Arizona,3,5,3.092017747709012,3,4,West,2
96,2015,North Carolina,2,9,1.5924234327087088,9,2,West,4
100,2015,Xavier,2,9,0.7380969681433719,33,0,West,6
292,2015,Arkansas,1,17,0.8584928562515396,17,1,West,5
363,2015,Georgia St.,1,17,0.37984657244513,33,0,West,14
382,2015,Oregon,1,17,0.5624108932319714,33,0,West,8
383,2015,Ohio St.,1,17,1.2371614554299868,9,2,West,10
541,2015,Oklahoma St.,0,33,0.5431057341776838,33,0,West,9
549,2015,Texas Southern,0,33,0.12771689569067451,33,0,West,15
551,2015,Mississippi,0,33,0.6815241905663997,33,0,West,11
554,2015,Coastal Carolina,0,33,0.22848069169525742,33,0,West,16
556,2015,Baylor,0,33,1.2001337147890203,9,2,West,3
560,2015,BYU,0,33,0.6357689121350174,33,0,West,11
566,2015,Harvard,0,33,0.34416856043098687,33,0,West,13
570,2015,VCU,0,33,0.8392607480408032,17,1,West,7
571,2015,Wofford,0,33,0.27204322627819605,33,0,West,12
6,2015,Duke,6,1,2.4413515311310428,5,3,South,1
69,2015,Gonzaga,3,5,1.6515323255787004,5,3,South,2
97,2015,UCLA,2,9,0.8373336525734572,17,1,South,11
106,2015,Utah,2,9,1.06145530290273,17,1,South,5
362,2015,Georgetown,1,17,1.0252435732768594,17,1,South,4
366,2015,Iowa,1,17,1.0321146707905324,17,1,South,7
375,2015,San Diego St.,1,17,0.9164964936625332,17,1,South,8
377,2015,UAB,1,17,0.18195385017674987,33,0,South,14
538,2015,North Dakota St.,0,33,0.21390986220246383,33,0,South,15
539,2015,North Florida,0,33,0.18020113394395548,33,0,South,16
543,2015,Robert Morris,0,33,0.12081313809363836,33,0,South,16
545,2015,SMU,0,33,0.8539383911408663,17,1,South,6
546,2015,St. John's,0,33,0.6641506929176884,33,0,South,9
547,2015,Stephen F. Austin,0,33,0.3891598550844672,33,0,South,12
561,2015,Davidson,0,33,0.549160396049982,33,0,South,10
563,2015,Eastern Washington,0,33,0.24777230056102284,33,0,South,13
568,2015,Iowa St.,0,33,1.4564921815955876,9,2,South,3
29,2015,Kentucky,4,3,5.7064800902967985,1,6,Midwest,1
60,2015,Notre Dame,3,5,1.6674371554126723,5,3,Midwest,3
103,2015,Wichita St.,2,9,0.9761906722273012,17,1,Midwest,7
104,2015,West Virginia,2,9,1.118181285230349,9,2,Midwest,5
295,2015,Butler,1,17,1.0690506822209502,17,1,Midwest,6
328,2015,Cincinnati,1,17,0.5940530195305183,33,0,Midwest,8
367,2015,Kansas,1,17,1.4075005146479103,9,2,Midwest,2
370,2015,Maryland,1,17,0.9613266056949593,17,1,Midwest,4
536,2015,Purdue,0,33,0.6476422406083805,33,0,Midwest,9
537,2015,New Mexico St.,0,33,0.2722589836063225,33,0,Midwest,15
540,2015,Northeastern,0,33,0.16388572241485763,33,0,Midwest,14
544,2015,Manhattan,0,33,0.12681737994568285,33,0,Midwest,16
548,2015,Texas,0,33,0.9684124732068472,17,1,Midwest,11
559,2015,Buffalo,0,33,0.4817570952421576,33,0,Midwest,12
565,2015,Hampton,0,33,0.08274513191219116,33,0,Midwest,16
567,2015,Indiana,0,33,0.6288636393704816,33,0,Midwest,10
569,2015,Valparaiso,0,33,0.5285336487875163,33,0,Midwest,13
27,2015,Michigan St.,4,3,0.9647804868146663,17,1,East,7
64,2015,Louisville,3,5,1.4755828221623792,9,2,East,4
109,2015,North Carolina St.,2,9,0.8528740710403293,17,1,East,8
117,2015,Oklahoma,2,9,1.2254650107340233,9,2,East,3
357,2015,Dayton,1,17,0.37443718418496313,33,0,East,11
359,2015,Virginia,1,17,2.450044375326603,5,3,East,2
371,2015,Villanova,1,17,2.5581115383386064,3,4,East,1
379,2015,Northern Iowa,1,17,0.8549776405785028,17,1,East,5
542,2015,Providence,0,33,0.9853529233514862,17,1,East,6
550,2015,UC Irvine,0,33,0.27526852859214657,33,0,East,13
552,2015,LSU,0,33,0.5382066094644388,33,0,East,9
555,2015,Albany,0,33,0.27785091360640707,33,0,East,14
557,2015,Belmont,0,33,0.18683994609309632,33,0,East,15
558,2015,Boise St.,0,33,0.5589546097838428,33,0,East,11
562,2015,Lafayette,0,33,0.11465251179609943,33,0,East,16
564,2015,Georgia,0,33,0.6100461781703953,33,0,East,10
580,2015,Wyoming,0,33,0.2059196623985883,33,0,East,12
39,2014,Wisconsin,4,3,1.5242307543700098,9,2,West,2
81,2014,Arizona,3,5,2.6742794041582134,2,5,West,1
166,2014,San Diego St.,2,9,1.5056867910790985,9,2,West,4
182,2014,Baylor,2,9,0.9795438800098482,17,1,West,6
275,2014,North Dakota St.,1,17,0.4373489430737551,33,0,West,12
278,2014,Oregon,1,17,0.754576965914844,33,0,West,7
319,2014,Creighton,1,17,0.9899630088134048,17,1,West,3
323,2014,Gonzaga,1,17,0.8791565095591203,17,1,West,8
641,2014,Weber St.,0,33,0.09992822203084976,33,0,West,16
644,2014,Nebraska,0,33,0.629357325410759,33,0,West,11
646,2014,New Mexico St.,0,33,0.36947549192046986,33,0,West,13
649,2014,Oklahoma,0,33,1.0321482744346664,17,1,West,5
651,2014,Oklahoma St.,0,33,0.8754504679018055,17,1,West,9
660,2014,Louisiana Lafayette,0,33,0.2483581607213954,33,0,West,14
671,2014,BYU,0,33,0.7846601719749081,33,0,West,10
673,2014,American,0,33,0.1379632402258128,33,0,West,15
30,2014,Florida,4,3,3.134862648189372,1,6,South,1
56,2014,Dayton,3,5,0.5723148143676602,33,0,South,11
163,2014,UCLA,2,9,1.9672319511866334,5,3,South,4
165,2014,Stanford,2,9,0.7839547366689927,33,0,South,10
279,2014,Pittsburgh,1,17,1.261262752924962,17,1,South,9
281,2014,Stephen F. Austin,1,17,0.42963274664438295,33,0,South,12
282,2014,Syracuse,1,17,2.199764987920606,5,3,South,3
326,2014,Kansas,1,17,1.5266363339477569,9,2,South,2
606,2014,Western Michigan,0,33,0.21246873499259558,33,0,South,14
642,2014,Ohio St.,0,33,1.2446334821877767,17,1,South,6
643,2014,Mount St. Mary's,0,33,0.0996622654944918,33,0,South,16
645,2014,New Mexico,0,33,0.8470382110883704,17,1,South,7
650,2014,Albany,0,33,0.1433565913051739,33,0,South,16
655,2014,Tulsa,0,33,0.374820679575767,33,0,South,13
656,2014,VCU,0,33,1.1824334480028116,17,1,South,5
664,2014,Eastern Kentucky,0,33,0.16079883262563807,33,0,South,15
667,2014,Colorado,0,33,0.8460519910585093,33,0,South,8
22,2014,Kentucky,5,2,1.528274090056709,9,2,Midwest,8
52,2014,Michigan,3,5,1.3451524620641513,17,1,Midwest,2
179,2014,Louisville,2,9,2.170783791223118,5,3,Midwest,4
186,2014,Tennessee,2,9,1.1232617009787371,17,1,Midwest,11
280,2014,Saint Louis,1,17,0.6001563518617624,33,0,Midwest,5
283,2014,Texas,1,17,1.1674568241292202,17,1,Midwest,7
288,2014,Wichita St.,1,17,1.3851428531897159,9,2,Midwest,1
296,2014,Mercer,1,17,0.2971967422677236,33,0,Midwest,14
604,2014,Xavier,0,33,0.6876965697687637,33,0,Midwest,12
605,2014,Wofford,0,33,0.14411785817903924,33,0,Midwest,15
648,2014,North Carolina St.,0,33,0.5640743227652752,33,0,Midwest,12
654,2014,Texas Southern,0,33,0.08911629549469581,33,0,Midwest,16
658,2014,Massachusetts,0,33,0.6160171649502063,33,0,Midwest,6
659,2014,Manhattan,0,33,0.3226060491690969,33,0,Midwest,13
661,2014,Kansas St.,0,33,0.5537170051977932,33,0,Midwest,9
662,2014,Iowa,0,33,1.3757700362646652,9,2,Midwest,11
665,2014,Duke,0,33,1.5480660976866045,9,2,Midwest,3
670,2014,Cal Poly,0,33,0.13742580192436119,33,0,Midwest,16
672,2014,Arizona St.,0,33,0.540847181530105,33,0,Midwest,10
0,2014,Connecticut,6,1,0.9864778615631278,17,1,East,7
53,2014,Michigan St.,3,5,2.2051286591038353,3,4,East,4
162,2014,Virginia,2,9,2.656084114410364,3,4,East,1
183,2014,Iowa St.,2,9,1.5114548886355368,9,2,East,3
268,2014,Memphis,1,17,0.7217821312344499,33,0,East,8
273,2014,North Carolina,1,17,1.2585878868911702,17,1,East,6
286,2014,Villanova,1,17,1.6511494913490112,5,3,East,2
324,2014,Harvard,1,17,0.6027844628395127,33,0,East,12
647,2014,North Carolina Central,0,33,0.3504179863173527,33,0,East,14
652,2014,Providence,0,33,0.8599125363417606,17,1,East,11
653,2014,Saint Joseph's,0,33,0.5252535668239523,33,0,East,10
657,2014,Milwaukee,0,33,0.13875192868510675,33,0,East,15
663,2014,George Washington,0,33,0.707287698761099,33,0,East,9
666,2014,Delaware,0,33,0.3045369493853115,33,0,East,13
668,2014,Coastal Carolina,0,33,0.14791652261468147,33,0,East,16
669,2014,Cincinnati,0,33,1.2665412965615226,17,1,East,5
35,2013,Wichita St.,4,3,0.9345468666531719,17,1,West,9
92,2013,Ohio St.,3,5,2.5120463647506117,3,4,West,2
114,2013,La Salle,2,9,0.3944911969545283,33,0,West,13
138,2013,Arizona,2,9,1.4776964801436079,9,2,West,6
289,2013,Iowa St.,1,17,0.7340476863398171,33,0,West,10
300,2013,Mississippi,1,17,1.2756064330027086,9,2,West,12
365,2013,Harvard,1,17,0.1678332214572772,33,0,West,14
368,2013,Gonzaga,1,17,2.0222770848753315,5,3,West,1
611,2013,Notre Dame,0,33,0.8671097025175138,17,1,West,7
614,2013,Pittsburgh,0,33,1.5796282137951825,9,2,West,8
618,2013,Southern,0,33,0.18578733505201653,33,0,West,16
623,2013,New Mexico,0,33,1.3025935739207193,9,2,West,3
629,2013,Kansas St.,0,33,1.0173754568563977,17,1,West,4
631,2013,Iona,0,33,0.28149058750188677,33,0,West,15
637,2013,Boise St.,0,33,0.5147788328274128,33,0,West,13
638,2013,Belmont,0,33,0.4188388750151826,33,0,West,11
640,2013,Wisconsin,0,33,1.472589159436752,9,2,West,5
14,2013,Michigan,5,2,1.655661029139804,9,2,South,4
86,2013,Florida,3,5,1.8542211162274314,5,3,South,3
126,2013,Florida Gulf Coast,2,9,0.2548010105542139,33,0,South,15
152,2013,Kansas,2,9,2.2521862766755345,3,4,South,1
301,2013,North Carolina,1,17,1.2204574411145723,17,1,South,8
308,2013,San Diego St.,1,17,0.7796890949496654,33,0,South,7
311,2013,Minnesota,1,17,1.0474250659902697,17,1,South,11
315,2013,VCU,1,17,1.0483704096915998,17,1,South,5
415,2013,Akron,0,33,0.6076101307362187,33,0,South,12
610,2013,Northwestern St.,0,33,0.21013648818608716,33,0,South,14
612,2013,Oklahoma,0,33,0.6880077658700154,33,0,South,10
615,2013,Western Kentucky,0,33,0.1426507625822944,33,0,South,16
617,2013,South Dakota St.,0,33,0.2904686633861706,33,0,South,13
619,2013,UCLA,0,33,0.8649756554196539,33,0,South,6
632,2013,Georgetown,0,33,1.2089184994684015,17,1,South,2
639,2013,Villanova,0,33,0.7897629938687879,33,0,South,9
4,2013,Louisville,6,1,3.4410823326887487,1,6,Midwest,1
87,2013,Duke,3,5,1.5191618016594735,9,2,Midwest,2
111,2013,Michigan St.,2,9,1.5040125493215937,9,2,Midwest,3
190,2013,Oregon,2,9,1.035764906200586,17,1,Midwest,12
306,2013,Saint Louis,1,17,0.7993792552229412,33,0,Midwest,4
314,2013,Memphis,1,17,0.8304882701822717,33,0,Midwest,6
344,2013,Colorado St.,1,17,1.2520672388137897,17,1,Midwest,8
381,2013,Creighton,1,17,0.7117505218265056,33,0,Midwest,7
608,2013,North Carolina A&T,0,33,0.09559134530601544,33,0,Midwest,16
613,2013,Oklahoma St.,0,33,1.1149297143247312,17,1,Midwest,5
616,2013,Saint Mary's,0,33,0.8383443965398675,33,0,Midwest,11
621,2013,Valparaiso,0,33,0.31079028607830583,33,0,Midwest,14
622,2013,New Mexico St.,0,33,0.38007153185739806,33,0,Midwest,13
625,2013,Missouri,0,33,1.0981708144016382,17,1,Midwest,9
626,2013,Middle Tennessee,0,33,0.5474977091858572,33,0,Midwest,11
628,2013,Liberty,0,33,0.048884402246913976,33,0,Midwest,16
635,2013,Cincinnati,0,33,1.0542534401140498,17,1,Midwest,10
699,2013,Albany,0,33,0.1890083057943553,33,0,Midwest,15
32,2013,Syracuse,4,3,1.736440766474251,5,3,East,4
85,2013,Marquette,3,5,0.890858694819718,17,1,East,3
110,2013,Miami FL,2,9,1.9338322553522334,5,3,East,2
147,2013,Indiana,2,9,2.5667343313919964,2,5,East,1
293,2013,Illinois,1,17,1.0824342293513398,17,1,East,7
312,2013,Temple,1,17,0.5521262897712007,33,0,East,9
353,2013,California,1,17,0.5718707788401444,33,0,East,12
354,2013,Butler,1,17,0.8890184011852623,17,1,East,6
607,2013,Pacific,0,33,0.21632675333336565,33,0,East,15
609,2013,North Carolina St.,0,33,0.7421790438569894,33,0,East,8
620,2013,UNLV,0,33,0.8788089753577302,17,1,East,5
624,2013,Montana,0,33,0.15981647254736764,33,0,East,13
627,2013,LIU Brooklyn,0,33,0.09783839402702192,33,0,East,16
630,2013,James Madison,0,33,0.13908116682280258,33,0,East,16
633,2013,Davidson,0,33,0.37290053412230717,33,0,East,14
634,2013,Colorado,0,33,0.7998894618631145,33,0,East,10
636,2013,Bucknell,0,33,0.5245151541572702,33,0,East,11
