,Year,Team,Proj_Wins_Risky
9,2025,Florida,2.67122090775202
12,2025,Houston,4.6337992565312724
31,2025,Auburn,2.8623706726407714
26,2025,Duke,3.8260852488268595
77,2025,Alabama,1.679605602189096
90,2025,Michigan St.,2.3362717173544776
89,2025,Tennessee,2.3559354202576017
83,2025,Texas Tech,1.4505611938282434
180,2025,Maryland,1.5182482788593954
167,2025,Arizona,1.3982569731796175
122,2025,Kentucky,1.5585717007669464
171,2025,BYU,1.0362864248241868
175,2025,Mississippi,1.162367299118378
176,2025,Michigan,0.9227363017476118
154,2025,Purdue,1.4048162420294255
168,2025,Arkansas,0.6217869544720934
327,2025,St. John's,2.188827104830649
355,2025,Wisconsin,1.2795254757907926
297,2025,Texas A&M,1.542955464837367
321,2025,Iowa St.,1.2440963858160359
271,2025,Connecticut,0.7839840234759241
302,2025,Saint Mary's,1.1884508469111805
303,2025,Oregon,1.0174363262148518
290,2025,UCLA,1.1422558937268483
299,2025,Gonzaga,1.6692988647637383
322,2025,Illinois,0.9118355978165098
269,2025,Drake,0.5449906941208649
272,2025,Colorado St.,0.5143366517775049
277,2025,Baylor,0.7618003962741373
270,2025,Creighton,0.5783921804097996
307,2025,New Mexico,0.7006141327303752
316,2025,McNeese St.,0.3217919311828766
420,2025,Clemson,1.5636771396171132
447,2025,Kansas,1.1505606076166037
468,2025,Missouri,0.9716994975820393
470,2025,Memphis,0.5981078456747826
469,2025,Mississippi St.,0.8719327119619321
471,2025,Marquette,1.14864407449299
472,2025,Louisville,1.0531884324740237
445,2025,Grand Canyon,0.17678807767059537
454,2025,UNC Wilmington,0.14148085404550212
462,2025,Oklahoma,0.6652672836467385
464,2025,Norfolk St.,0.048564927343751306
465,2025,Nebraska Omaha,0.10194078040081751
422,2025,American,0.03126466053910632
424,2025,Akron,0.21029989681694042
448,2025,Liberty,0.2313774240877694
451,2025,VCU,0.5741640806102385
452,2025,Vanderbilt,0.5957525678416075
461,2025,Robert Morris,0.0631777520438755
466,2025,Mount St. Mary's,0.02136576914897762
467,2025,Montana,0.07884101750390039
421,2025,Bryant,0.07833800380031274
423,2025,Alabama St.,0.019553018993705498
455,2025,UC San Diego,0.5202439750139348
459,2025,San Diego St.,0.36524897882751167
460,2025,Saint Francis,0.010452307088413252
463,2025,North Carolina,0.890868039756837
473,2025,Lipscomb,0.1797453660296663
815,2025,Yale,0.22709227378858138
419,2025,Georgia,0.6714284265777518
446,2025,High Point,0.2425469852698739
449,2025,Xavier,0.5067362879361568
450,2025,Wofford,0.06081189673380196
453,2025,Utah St.,0.47066653783442514
456,2025,Troy,0.0774888237348037
457,2025,Texas,0.5247328492159593
458,2025,SIU Edwardsville,0.026438663221522975
7,2024,Connecticut,3.434284108653059
19,2024,Purdue,2.8041580918705926
46,2024,Alabama,1.3981678309255017
45,2024,North Carolina St.,0.6376922082873695
66,2024,Illinois,2.30550896920879
71,2024,Duke,1.9429383836667726
70,2024,Tennessee,1.4015189435663173
48,2024,Clemson,0.9507180972205654
121,2024,Houston,3.3666467922326655
113,2024,North Carolina,2.4338443864923818
131,2024,Arizona,2.1430659953951
105,2024,Marquette,1.9489024447425025
149,2024,Creighton,1.9642932463998553
99,2024,Iowa St.,1.5736681422862215
123,2024,Gonzaga,1.4545753797614305
116,2024,San Diego St.,0.9298958919737876
351,2024,Baylor,1.7258668968205397
338,2024,Dayton,0.8232650974420852
374,2024,Northwestern,0.8834900607101135
329,2024,Texas A&M,0.828477424892479
330,2024,Colorado,0.9837228091524286
331,2024,Kansas,0.8628685268313229
361,2024,Texas,0.9577946213491749
333,2024,Grand Canyon,0.4420155877091938
378,2024,Michigan St.,0.7444106670029037
287,2024,Yale,0.29764942381321935
291,2024,Washington St.,0.8040723632930037
336,2024,Duquesne,0.29724437847393775
332,2024,James Madison,0.5826031621902217
360,2024,Oakland,0.20474376634282318
294,2024,Utah St.,0.747427121948884
372,2024,Oregon,0.8374583518645982
518,2024,Auburn,1.32319963867178
491,2024,Kentucky,1.4674384634610738
438,2024,Saint Mary's,1.081618184471032
439,2024,New Mexico,1.20456675720952
444,2024,Mississippi St.,0.8477832985079554
512,2024,Drake,0.8301693911574146
516,2024,BYU,1.0921228454402319
418,2024,Texas Tech,1.1636568996575007
425,2024,Wisconsin,1.5779741206379925
431,2024,TCU,1.01520567630813
435,2024,South Carolina,0.9717471827195455
427,2024,Wagner,0.019499765877964197
440,2024,Nevada,0.6134032850612727
475,2024,Long Beach St.,0.057992832365051275
508,2024,Howard,0.03077936888210152
514,2024,College of Charleston,0.41550841217026474
515,2024,Colgate,0.10796891215437678
430,2024,UAB,0.23806880106849201
433,2024,Stetson,0.07348834418488444
434,2024,South Dakota St.,0.10620698042131138
442,2024,Morehead St.,0.1674300805533405
510,2024,Florida Atlantic,0.778726337469689
426,2024,Western Kentucky,0.14358826858169124
429,2024,Vermont,0.23336365614504287
432,2024,Longwood,0.08421616590032557
441,2024,Nebraska,0.7418854487361076
511,2024,Florida,0.9635747471861571
517,2024,Boise St.,0.8343144267320767
428,2024,Virginia,0.4261915146169808
436,2024,Samford,0.43513036686338963
437,2024,Saint Peter's,0.037524557660915836
443,2024,Montana St.,0.05163245967716187
474,2024,McNeese St.,0.33484320229133646
509,2024,Grambling St.,0.028295051261253295
513,2024,Colorado St.,0.6032443863118423
519,2024,Akron,0.18465099706494784
8,2023,Connecticut,1.709136791470105
16,2023,San Diego St.,1.6858970705826175
34,2023,Miami FL,0.9380315418328367
24,2023,Florida Atlantic,1.0561415343114804
62,2023,Texas,2.3657121694673164
55,2023,Gonzaga,2.1788716824717556
73,2023,Kansas St.,0.9476366131266521
88,2023,Creighton,1.1187312111997612
129,2023,UCLA,4.170494520726591
119,2023,Alabama,2.7823725277505456
172,2023,Houston,3.8957076439270346
160,2023,Arkansas,0.8944593328626101
153,2023,Tennessee,1.613794058927777
158,2023,Michigan St.,0.758037681000703
135,2023,Xavier,0.9848821083275268
107,2023,Princeton,0.12108782037589216
241,2023,Kansas,2.378657069587
201,2023,Marquette,1.9751100660235237
226,2023,Duke,1.6551319161893712
233,2023,Baylor,1.386788941360688
231,2023,Saint Mary's,1.3150984385774587
232,2023,Northwestern,0.7452234362268356
260,2023,TCU,1.0736311080092862
255,2023,Kentucky,0.7336456950482005
219,2023,Missouri,0.7102148123183004
235,2023,Auburn,0.7541171633541138
259,2023,Indiana,0.8607755533968864
218,2023,Fairleigh Dickinson,0.015009578063255358
193,2023,Furman,0.17740293315281755
198,2023,Maryland,0.8161881503637114
238,2023,Penn St.,0.6407093878485982
245,2023,Pittsburgh,0.37067299618656907
531,2023,Purdue,2.4490897556667
495,2023,Arizona,1.6143872608826455
484,2023,Iowa St.,1.0859445917198298
480,2023,Memphis,1.318348207979958
520,2023,West Virginia,0.8301486645686076
521,2023,Virginia,0.7769086873409474
529,2023,Texas A&M,1.008083910946973
486,2023,Iona,0.41629747331935824
487,2023,Illinois,0.751727005080125
488,2023,Howard,0.04046767421536072
489,2023,Grand Canyon,0.1454081781393412
493,2023,Boise St.,0.7421694201222907
494,2023,Arizona St.,0.5362658600613034
504,2023,Nevada,0.35621797983046316
523,2023,VCU,0.5621709984701946
525,2023,UNC Asheville,0.09882836933643667
416,2023,USC,0.6802190951255738
478,2023,Montana St.,0.19575922383668395
481,2023,Louisiana Lafayette,0.27181116356571233
507,2023,Oral Roberts,0.6018482274643369
522,2023,Vermont,0.1447557100692028
527,2023,Texas Southern,0.014044477368675588
532,2023,Providence,0.591913779002176
490,2023,College of Charleston,0.5550680483366868
505,2023,North Carolina St.,0.9711942581035681
524,2023,Utah St.,0.6005686708641027
526,2023,UC Santa Barbara,0.2020200324854414
528,2023,Texas A&M Corpus Chris,0.06755693071805187
530,2023,Southeast Missouri St.,0.01687725688138924
477,2023,Drake,0.4357881154446079
479,2023,Mississippi St.,0.5618886897273658
482,2023,Kent St.,0.6005087500152373
483,2023,Kennesaw St.,0.16564884328436855
485,2023,Iowa,0.5393778993374997
492,2023,Colgate,0.13602630092281462
506,2023,Northern Kentucky,0.08528893569814938
1,2022,Kansas,3.1532727994840255
17,2022,North Carolina,1.0188344701979077
42,2022,Villanova,2.8858452776735377
25,2022,Duke,2.716599937943837
63,2022,Houston,2.4277016599736227
94,2022,Arkansas,0.7881310946984564
57,2022,Miami FL,0.8957376350484865
91,2022,Saint Peter's,0.06554730182644665
112,2022,Gonzaga,2.727217708628924
127,2022,Texas Tech,1.500274579280861
144,2022,UCLA,1.8885445031691064
170,2022,Purdue,1.535152868537583
177,2022,Arizona,1.9785070779543394
146,2022,Michigan,0.6849241714370152
188,2022,Providence,0.5801463147492963
140,2022,Iowa St.,0.8511580039241935
318,2022,Baylor,3.358447302983193
317,2022,Auburn,2.0046195090120458
222,2022,Tennessee,2.404821576707613
206,2022,Notre Dame,0.7274315251622954
240,2022,Michigan St.,0.6295607669215229
223,2022,Texas,1.3553026949876754
262,2022,Saint Mary's,1.3845265315935582
264,2022,Murray St.,1.005316177294309
258,2022,Ohio St.,0.6079311988153383
380,2022,Illinois,1.201156214033517
243,2022,Wisconsin,1.1524501186140526
209,2022,New Mexico St.,0.23421959363441197
225,2022,Memphis,0.543894217102423
266,2022,TCU,0.7621695244113812
216,2022,Richmond,0.2444883641601478
364,2022,Creighton,0.5393252136180819
397,2022,Kentucky,2.6599037711144944
406,2022,Connecticut,0.9987294748465734
394,2022,LSU,1.581062370302861
399,2022,Iowa,2.0542801776814517
412,2022,Boise St.,0.8131915171902782
386,2022,Seton Hall,0.8157816766984781
387,2022,San Diego St.,0.5805232629893379
393,2022,Rutgers,0.25169990598463304
401,2022,Montana St.,0.10504154194167663
402,2022,Georgia St.,0.06716285045948732
405,2022,Davidson,0.48996221330487166
410,2022,Cal St. Fullerton,0.051027608507704686
413,2022,Alabama,0.6688678613650718
500,2022,Vermont,0.3910186047240762
385,2022,San Francisco,0.9007379163358071
391,2022,Marquette,0.4324488180326005
400,2022,Indiana,0.4275459209029415
403,2022,Norfolk St.,0.05314157995290058
414,2022,Akron,0.08671599385729808
496,2022,Yale,0.0821958108635702
497,2022,Wyoming,0.354665826730018
499,2022,Virginia Tech,1.210972275319243
395,2022,Loyola Chicago,0.5434478253059504
396,2022,Longwood,0.14649114802600918
404,2022,Delaware,0.10004211990755
407,2022,Colorado St.,0.5764779532314595
409,2022,Chattanooga,0.646011072198192
411,2022,Bryant,0.0558999597546103
498,2022,Wright St.,0.053325635507011394
502,2022,UAB,0.7085683540991897
398,2022,Jacksonville St.,0.07129181041990214
408,2022,Colgate,0.10606232443610825
417,2022,South Dakota St.,0.3321977958235117
476,2022,Texas A&M Corpus Chris,0.03199725061038541
501,2022,USC,0.6407308067167641
503,2022,Texas Southern,0.05752303127875931
3,2021,Baylor,4.571520125556369
13,2021,Gonzaga,3.605871902518174
37,2021,Houston,2.9481727591112374
47,2021,UCLA,0.6679074633626497
93,2021,Michigan,2.1354041442497262
65,2021,Arkansas,1.6223682354186781
75,2021,USC,1.6078524699543257
95,2021,Oregon St.,0.2947889377240678
108,2021,Alabama,4.408608237190103
98,2021,Creighton,1.207697978556182
156,2021,Oregon,1.480797110160792
191,2021,Florida St.,1.0787477344695695
128,2021,Villanova,1.049915893615968
189,2021,Oral Roberts,0.06226393134874296
150,2021,Syracuse,0.8321327712863146
181,2021,Loyola Chicago,0.6282969352401004
276,2021,Iowa,1.9370038964620904
267,2021,Illinois,2.268675880045549
274,2021,Kansas,1.6380793298746783
369,2021,Colorado,1.9181321946647538
304,2021,Oklahoma St.,1.2838097883069397
305,2021,Oklahoma,0.5209513585030833
325,2021,LSU,1.559727004002718
298,2021,Florida,0.6890089915762407
346,2021,Texas Tech,0.7750044351963026
284,2021,West Virginia,0.9405391906527885
310,2021,Ohio,0.16478707998226258
320,2021,Maryland,0.4426786448050272
376,2021,Abilene Christian,0.16370338933650558
309,2021,Wisconsin,1.1547330058684127
313,2021,North Texas,0.20466513406388714
373,2021,Rutgers,0.6772412134198037
384,2021,Virginia,1.2640151547779908
726,2021,Texas,1.4943949943435089
720,2021,Ohio St.,1.5406913185503066
722,2021,Purdue,1.344620635570318
723,2021,San Diego St.,1.2783938940502437
736,2021,Connecticut,1.0039921553948632
740,2021,BYU,0.8866353145264997
713,2021,North Carolina,1.21427473354357
725,2021,Tennessee,0.9690167601888007
731,2021,Georgia Tech,0.8041839447962869
739,2021,Clemson,1.1009850603949596
389,2021,VCU,0.5657052596141746
390,2021,Wichita St.,0.2453140109807073
676,2021,UC Santa Barbara,0.23375728391336478
716,2021,Missouri,0.48920589583508084
719,2021,Norfolk St.,0.019725180435864617
730,2021,Grand Canyon,0.0921622664023741
733,2021,Eastern Washington,0.07852867477420244
735,2021,Drake,0.530604347277832
741,2021,Appalachian St.,0.01741301171453572
535,2021,UNC Greensboro,0.27037204581968116
715,2021,Michigan St.,0.33079253569536754
718,2021,Mount St. Mary's,0.012757199857589595
724,2021,St. Bonaventure,0.5874845697216824
727,2021,Texas Southern,0.02443041574330897
728,2021,Iona,0.035560592024738616
732,2021,Georgetown,0.45273027067835914
388,2021,Virginia Tech,0.295759351558141
392,2021,Winthrop,0.2974908570337767
533,2021,Utah St.,0.415734718531358
729,2021,Hartford,0.04560935282665145
737,2021,Colgate,0.15306071577359545
714,2021,Liberty,0.1545589775021622
717,2021,Morehead St.,0.09670904276122752
734,2021,Drexel,0.028318215682664277
738,2021,Cleveland St.,0.08392407518016108
5,2019,Virginia,3.5147551973850777
18,2019,Texas Tech,1.5186366182747146
44,2019,Auburn,3.4749765998439717
36,2019,Michigan St.,1.4869942142422141
67,2019,Duke,3.3170723630259857
50,2019,Purdue,2.4481768939446082
84,2019,Gonzaga,1.460603390611458
82,2019,Kentucky,1.4105822983626601
164,2019,Michigan,2.3367392250658674
125,2019,Florida St.,2.1854519193362876
173,2019,LSU,1.7210064229942141
115,2019,Houston,2.1280606603209367
132,2019,Virginia Tech,1.606238545873791
134,2019,Tennessee,1.5738750823981422
120,2019,North Carolina,3.038342980531915
139,2019,Oregon,1.1606455401590408
194,2019,Florida,1.1700746730935063
221,2019,Buffalo,1.1887180013426213
251,2019,Maryland,0.9092466857047715
337,2019,Villanova,0.9786244110233817
244,2019,Kansas,1.7968513766654621
334,2019,Washington,0.9076263385270242
358,2019,Wofford,1.2812796670778916
207,2019,Baylor,0.5874189128219977
220,2019,Murray St.,0.2428112645033844
203,2019,Liberty,0.24946992504716026
248,2019,Minnesota,0.3368809342161671
349,2019,UCF,0.42216163775557963
199,2019,Iowa,0.46266905544406534
249,2019,Oklahoma,0.5815837486051068
350,2019,UC Irvine,0.4216105759894178
239,2019,Ohio St.,0.3990350717443149
703,2019,Kansas St.,1.705180057617628
685,2019,Marquette,0.7273624703506302
710,2019,Syracuse,1.06717324030556
678,2019,Mississippi St.,1.5001989727581557
693,2019,Louisville,0.813377639801143
721,2019,VCU,0.5781070991593602
692,2019,Mississippi,0.6007651544367572
702,2019,Cincinnati,1.100704661198816
743,2019,Wisconsin,1.344900351228103
709,2019,Iowa St.,0.9252030757683093
679,2019,Montana,0.12468720779597364
680,2019,Nevada,0.7805696936196124
684,2019,Northern Kentucky,0.1385573645144929
687,2019,Prairie View A&M,0.03571279244750372
691,2019,St. John's,0.43626128180016926
700,2019,Arizona St.,0.39114928769207113
705,2019,Fairleigh Dickinson,0.015587436945278766
744,2019,Vermont,0.2159948768622074
682,2019,North Carolina Central,0.007848418768921934
683,2019,North Dakota St.,0.02562253868468498
688,2019,Saint Louis,0.23441518532170183
695,2019,Bradley,0.038182960544495576
701,2019,Belmont,0.28866656278878045
711,2019,Temple,0.48489837749598363
742,2019,Yale,0.12706040455561984
686,2019,Old Dominion,0.25847368067449256
689,2019,Saint Mary's,0.6478290653597489
704,2019,Colgate,0.10916584055911986
706,2019,Gardner Webb,0.025301801368967643
534,2019,Abilene Christian,0.060522762901693505
677,2019,Northeastern,0.15497366930298426
681,2019,New Mexico St.,0.6128078922765718
690,2019,Seton Hall,0.43712868416093087
707,2019,Georgia St.,0.2734799835318082
708,2019,Iona,0.021825728758073273
712,2019,Utah St.,0.3720835467109226
10,2018,Villanova,4.458702838330686
21,2018,Michigan,1.8398278737699563
38,2018,Kansas,2.4392375434437423
28,2018,Loyola Chicago,0.262365884080764
51,2018,Duke,2.651817986094214
58,2018,Florida St.,0.6318640239066404
80,2018,Texas Tech,1.0793105447396232
49,2018,Kansas St.,0.6810609035030715
178,2018,Gonzaga,2.499675991511001
159,2018,Purdue,2.017007140350307
143,2018,West Virginia,1.7547840783678106
102,2018,Texas A&M,0.8522825636631224
174,2018,Nevada,0.9581330281268488
184,2018,Kentucky,1.442011311819174
157,2018,Syracuse,0.7571598645895969
169,2018,Clemson,0.9816911017077732
250,2018,North Carolina,2.360576419363279
227,2018,Cincinnati,1.9521270168817269
196,2018,Xavier,2.469311866095333
202,2018,Florida,1.1234102452498997
229,2018,Tennessee,1.0918136563521428
213,2018,Michigan St.,1.2216712468609623
261,2018,Auburn,1.294834483214879
197,2018,Houston,0.8483871255357375
246,2018,Ohio St.,1.3448494291811228
254,2018,Butler,1.3466100387729028
192,2018,Rhode Island,0.8729351140564944
224,2018,Seton Hall,1.0416147014821127
211,2018,Marshall,0.09607632709907779
230,2018,Alabama,0.3910511751938426
253,2018,UMBC,0.053589699351546775
257,2018,Buffalo,0.3414597982562577
745,2018,Virginia,4.347356204112784
812,2018,Arizona,1.6351488797159772
696,2018,Virginia Tech,0.501582597432213
697,2018,Wichita St.,0.8120709500639207
800,2018,Miami FL,1.0699723064503575
806,2018,Creighton,0.7296159719901174
746,2018,UNC Greensboro,0.33249438036900614
782,2018,Texas Southern,0.017488217440258046
783,2018,Providence,0.6363455834015743
786,2018,North Carolina Central,0.0059722336218265976
792,2018,San Diego St.,0.7674965504423258
793,2018,South Dakota St.,0.5533877679254307
798,2018,Montana,0.33609001235295555
799,2018,Missouri,0.4680989009582758
802,2018,Lipscomb,0.08385661291685197
747,2018,UCLA,0.6130748956468954
784,2018,Murray St.,0.2754303354514263
790,2018,Radford,0.05523950311837184
794,2018,St. Bonaventure,0.35730572134912897
795,2018,Stephen F. Austin,0.22047250685792666
801,2018,LIU Brooklyn,0.013816561215275722
808,2018,Cal St. Fullerton,0.02505466704438864
810,2018,Arkansas,0.7349684275339957
698,2018,Wright St.,0.11020670502870443
797,2018,Texas,0.8910427814573242
804,2018,Georgia St.,0.13581936419541293
805,2018,Davidson,0.41361180731806574
785,2018,New Mexico St.,0.5715798469545786
787,2018,North Carolina St.,0.6319928352065849
788,2018,Oklahoma,0.7922654428190605
789,2018,Penn,0.11841278265882081
796,2018,TCU,0.701369919671332
803,2018,Iona,0.06724981155527045
807,2018,College of Charleston,0.1410037604353517
809,2018,Bucknell,0.14073795603058148
811,2018,Arizona St.,0.535116178305988
2,2017,North Carolina,3.1704194249946087
23,2017,Gonzaga,2.0345167329807956
40,2017,Oregon,1.3759170605298179
33,2017,South Carolina,0.6024699198646208
72,2017,Kansas,2.1032938546645803
68,2017,Kentucky,2.4061193456684213
76,2017,Xavier,0.774938258233628
61,2017,Florida,1.6053161861365122
136,2017,Arizona,1.999122289692681
130,2017,Butler,1.3202483109744698
187,2017,UCLA,1.7346289187461408
185,2017,West Virginia,1.9328121007605705
124,2017,Baylor,1.14254948802523
161,2017,Wisconsin,1.7101805000286436
101,2017,Michigan,1.8729969223321827
118,2017,Purdue,1.1274784508842277
247,2017,Villanova,5.02253321941614
195,2017,Duke,2.1316675786273493
263,2017,Louisville,2.0054819723714954
205,2017,Florida St.,1.611833957860263
228,2017,Notre Dame,1.9585583012040981
236,2017,Virginia,1.6994238547752893
252,2017,Iowa St.,1.5957114469348952
210,2017,Saint Mary's,0.9391919200895892
208,2017,Cincinnati,1.7003095440399207
237,2017,Middle Tennessee,0.6198254988754719
242,2017,Wichita St.,0.9486786344781771
256,2017,Northwestern,0.5785391119053036
204,2017,USC,0.5998783574507567
217,2017,Arkansas,0.5883233234910872
200,2017,Rhode Island,0.3828565664749551
234,2017,Michigan St.,0.22262513400105122
757,2017,SMU,1.9501607981504976
780,2017,Vanderbilt,0.6392543863571273
769,2017,Marquette,0.7507957853645121
755,2017,Seton Hall,0.6120861407804921
767,2017,Miami FL,1.0311354542499058
777,2017,Creighton,0.9282846033166885
751,2017,North Dakota,0.03331926919745055
754,2017,Princeton,0.4468129640089489
756,2017,VCU,0.35869486886393664
758,2017,South Dakota St.,0.038451846155760736
768,2017,Maryland,0.47982070712295416
774,2017,Florida Gulf Coast,0.18901687244653317
778,2017,Bucknell,0.13575139626182564
748,2017,Providence,0.318499222481763
749,2017,New Orleans,0.030191876600332568
760,2017,Troy,0.07300241100692217
762,2017,UNC Wilmington,0.4521470665982756
763,2017,New Mexico St.,0.12827844534733124
765,2017,Mount St. Mary's,0.023953313075162668
775,2017,East Tennessee St.,0.27197008257982147
791,2017,Virginia Tech,0.46399699157952895
752,2017,Northern Kentucky,0.06656939189170731
759,2017,Texas Southern,0.030386668323807632
766,2017,Minnesota,0.49602343322512055
770,2017,Kent St.,0.12330900014361351
771,2017,Kansas St.,0.441108501540611
776,2017,Dayton,0.3139764997692709
813,2017,Winthrop,0.12019857987151408
814,2017,Wake Forest,0.5525053958582016
750,2017,North Carolina Central,0.0620071908720448
753,2017,Oklahoma St.,1.0294770419644763
761,2017,UC Davis,0.026691291098151482
764,2017,Nevada,0.3682544754421834
772,2017,Jacksonville St.,0.034266939300702896
773,2017,Iona,0.10841222251766088
781,2017,Vermont,0.35274268012218885
11,2016,Villanova,2.535043705021395
20,2016,North Carolina,4.3542717628177074
43,2016,Oklahoma,2.444272533245641
41,2016,Syracuse,0.8632048832477198
78,2016,Kansas,3.036230105183223
79,2016,Virginia,2.4242792873432606
59,2016,Oregon,1.4954366472888236
54,2016,Notre Dame,0.7330406800061476
155,2016,Duke,1.5924034539873528
133,2016,Texas A&M,1.6640896232801419
141,2016,Miami FL,1.2313183014745288
142,2016,Maryland,0.986402175672272
151,2016,Gonzaga,1.2816092678593551
148,2016,Indiana,1.3845602284965326
145,2016,Iowa St.,1.2696574248072305
137,2016,Wisconsin,0.5358864855073829
214,2016,Xavier,1.719349509558024
341,2016,Kentucky,2.2300361995751143
285,2016,VCU,1.131238061039939
212,2016,Wichita St.,1.176999673689887
335,2016,Connecticut,1.3859702556319478
340,2016,Iowa,1.5001758780989942
265,2016,Butler,0.750484696150089
356,2016,Utah,0.640078452659645
215,2016,Yale,0.2843938832924866
345,2016,Northern Iowa,0.4083587741441811
348,2016,Saint Joseph's,0.9978415184816416
347,2016,Providence,0.6730538785818221
352,2016,Stephen F. Austin,0.32605186231802075
339,2016,Hawaii,0.276837249292535
342,2016,Little Rock,0.8789595130144422
343,2016,Middle Tennessee,0.1655882047414157
574,2016,Michigan St.,3.317748513029436
779,2016,West Virginia,2.596449453487222
577,2016,Purdue,1.7448459589576304
583,2016,Texas,0.7937700297027829
596,2016,Cincinnati,1.0415611905953541
601,2016,Baylor,0.6043792554109996
553,2016,USC,0.7718310641845373
573,2016,Michigan,1.0393396681934253
576,2016,Pittsburgh,0.5562948917299569
598,2016,California,0.9406586747606673
575,2016,Oregon St.,0.36100692423116354
579,2016,Southern,0.03357006384039697
588,2016,Holy Cross,0.009621297521531262
590,2016,Green Bay,0.11543611133283384
599,2016,Cal St. Bakersfield,0.17051892660718893
674,2016,UNC Wilmington,0.28521373351831647
581,2016,Stony Brook,0.28279116248330716
585,2016,Tulsa,0.21726736247007392
592,2016,Florida Gulf Coast,0.04953311387682217
593,2016,Fairleigh Dickinson,0.015071867182923285
597,2016,Chattanooga,0.23563914063831554
694,2016,Weber St.,0.058299477831534274
572,2016,South Dakota St.,0.30663694683506343
582,2016,Temple,0.6371644396937471
586,2016,UNC Asheville,0.07494882197908166
595,2016,Colorado,0.4501964370496555
600,2016,Buffalo,0.06814376772059733
602,2016,Austin Peay,0.012016146121571866
603,2016,Arizona,0.9009855193299848
675,2016,Vanderbilt,0.5938830432146975
578,2016,Seton Hall,1.0964437994476068
584,2016,Texas Tech,0.22772984296826349
587,2016,Iona,0.20976766942211572
589,2016,Hampton,0.025076676668818427
591,2016,Fresno St.,0.3517211593131744
594,2016,Dayton,0.4273136731403085
6,2015,Duke,2.187490964016974
15,2015,Wisconsin,5.429669241891313
29,2015,Kentucky,5.061295419403303
27,2015,Michigan St.,0.909891029441824
74,2015,Arizona,2.9281604060262163
69,2015,Gonzaga,1.6677028148178898
64,2015,Louisville,1.5993670133003133
60,2015,Notre Dame,1.314149472829003
96,2015,North Carolina,2.3575287406025724
117,2015,Oklahoma,1.669904585364737
106,2015,Utah,0.7255229570972753
104,2015,West Virginia,1.946109809314408
100,2015,Xavier,0.6021460179860549
109,2015,North Carolina St.,0.6731144956909997
103,2015,Wichita St.,1.1387297635099827
97,2015,UCLA,0.568802707785005
359,2015,Virginia,4.003158102028858
371,2015,Villanova,2.8013718203048676
367,2015,Kansas,1.6674418073924497
295,2015,Butler,1.3446565990200268
292,2015,Arkansas,0.9044120766754966
382,2015,Oregon,0.7106254086140739
379,2015,Northern Iowa,1.1289622333187823
362,2015,Georgetown,0.6571989716450091
366,2015,Iowa,0.8654580960786716
375,2015,San Diego St.,1.1252651932402586
328,2015,Cincinnati,0.41774086850913383
370,2015,Maryland,1.1710667641164256
363,2015,Georgia St.,0.1962187453447894
383,2015,Ohio St.,0.9934562739505913
357,2015,Dayton,0.18541876558257697
377,2015,UAB,0.06596215493723506
556,2015,Baylor,1.6696624887386995
568,2015,Iowa St.,0.9598270079987613
570,2015,VCU,1.1500247991470423
542,2015,Providence,0.9781893226317641
545,2015,SMU,0.728017071809257
541,2015,Oklahoma St.,0.28565719165834597
549,2015,Texas Southern,0.03180429637344106
551,2015,Mississippi,0.49326133178748616
554,2015,Coastal Carolina,0.08626160762782928
560,2015,BYU,0.5326927614547539
566,2015,Harvard,0.20025784704827088
571,2015,Wofford,0.17509058577378037
550,2015,UC Irvine,0.15307428257224776
552,2015,LSU,0.41172251744740457
555,2015,Albany,0.12473673234649187
557,2015,Belmont,0.05882056557643248
558,2015,Boise St.,0.7251622210718662
562,2015,Lafayette,0.029012510907788544
564,2015,Georgia,0.4392025384629898
580,2015,Wyoming,0.06097354942237011
538,2015,North Dakota St.,0.08322428818853929
539,2015,North Florida,0.04796299662542115
543,2015,Robert Morris,0.03779115328660316
546,2015,St. John's,0.5486013956934571
547,2015,Stephen F. Austin,0.2188011778050585
561,2015,Davidson,0.6673434149794825
563,2015,Eastern Washington,0.13301215334094785
536,2015,Purdue,0.3857757193170661
537,2015,New Mexico St.,0.08968118854701752
540,2015,Northeastern,0.08509813526270121
544,2015,Manhattan,0.03356910762778315
548,2015,Texas,0.8862583872793823
559,2015,Buffalo,0.41877806247365534
565,2015,Hampton,0.01470047646353392
567,2015,Indiana,0.5764726107953637
569,2015,Valparaiso,0.4614791826198535
0,2014,Connecticut,0.9565174675168502
22,2014,Kentucky,1.2329638862501806
30,2014,Florida,3.5622353954389037
39,2014,Wisconsin,1.2191942745574138
81,2014,Arizona,2.170733425505878
53,2014,Michigan St.,2.169130224391541
52,2014,Michigan,1.5726083833550177
56,2014,Dayton,0.41697321039775137
162,2014,Virginia,2.6531477620764465
166,2014,San Diego St.,1.4621603753347585
163,2014,UCLA,2.627694544419927
179,2014,Louisville,2.0300422521414094
182,2014,Baylor,0.9519349933298523
183,2014,Iowa St.,1.4262663321116098
165,2014,Stanford,0.5334558872748821
186,2014,Tennessee,0.7483746613927404
282,2014,Syracuse,3.701667539419969
288,2014,Wichita St.,2.1837670767598683
319,2014,Creighton,1.6555651331233572
286,2014,Villanova,1.689914946141715
273,2014,North Carolina,1.597200984638779
326,2014,Kansas,1.3182820694161677
278,2014,Oregon,0.8474491739944688
323,2014,Gonzaga,0.7373957849462615
279,2014,Pittsburgh,1.316708527080595
283,2014,Texas,1.2399867709582257
275,2014,North Dakota St.,0.1909123018782505
268,2014,Memphis,0.6748886157814978
324,2014,Harvard,0.43616551208384174
281,2014,Stephen F. Austin,0.38896572745522096
280,2014,Saint Louis,0.5170631632437707
296,2014,Mercer,0.1890502004138924
665,2014,Duke,2.063440691635849
649,2014,Oklahoma,1.311321002387144
663,2014,George Washington,0.7562564544246928
669,2014,Cincinnati,1.3843888291870625
642,2014,Ohio St.,1.2098150738504345
645,2014,New Mexico,0.8154267171030147
656,2014,VCU,1.7953126298344282
604,2014,Xavier,0.6016668474369203
662,2014,Iowa,1.1401069633173475
641,2014,Weber St.,0.01427964067372393
644,2014,Nebraska,0.5001914251602547
646,2014,New Mexico St.,0.15491326220086493
651,2014,Oklahoma St.,0.5234234681014674
660,2014,Louisiana Lafayette,0.13446446065113474
671,2014,BYU,0.6115355185396366
673,2014,American,0.04188993819104833
647,2014,North Carolina Central,0.16029553102145813
652,2014,Providence,1.0254350218724522
653,2014,Saint Joseph's,0.47524864814505813
657,2014,Milwaukee,0.06604130273693322
666,2014,Delaware,0.1863883626441612
668,2014,Coastal Carolina,0.03670612154309637
606,2014,Western Michigan,0.09812337131384503
643,2014,Mount St. Mary's,0.02350018815780202
650,2014,Albany,0.03643808513818665
655,2014,Tulsa,0.1858520773407304
664,2014,Eastern Kentucky,0.12114318278410591
667,2014,Colorado,0.7890028731311381
605,2014,Wofford,0.02512113492084818
648,2014,North Carolina St.,0.4311074085924839
654,2014,Texas Southern,0.014896937111789445
658,2014,Massachusetts,0.6316373199899747
659,2014,Manhattan,0.24786034877059995
661,2014,Kansas St.,0.5322568071373576
670,2014,Cal Poly,0.031047019514050714
672,2014,Arizona St.,0.40504873260785373
4,2013,Louisville,4.4298075292864
14,2013,Michigan,1.2302057610794408
32,2013,Syracuse,1.6379029233958464
35,2013,Wichita St.,1.0415724385959881
92,2013,Ohio St.,2.2708824009225053
86,2013,Florida,1.793403760796504
87,2013,Duke,2.1410404530312643
85,2013,Marquette,0.7189356440995676
152,2013,Kansas,2.5345409618860986
110,2013,Miami FL,2.3723203894304676
147,2013,Indiana,1.6536092901538348
111,2013,Michigan St.,1.6396617515705487
190,2013,Oregon,1.272548007258199
138,2013,Arizona,1.7433490346388085
114,2013,La Salle,0.4562108379377054
126,2013,Florida Gulf Coast,0.08923391832724192
368,2013,Gonzaga,1.4606254944698287
354,2013,Butler,1.0160597449435504
315,2013,VCU,1.8393927590875212
293,2013,Illinois,1.1346741940712093
301,2013,North Carolina,1.2576606060292597
308,2013,San Diego St.,0.6841483276655588
306,2013,Saint Louis,1.271424407094777
314,2013,Memphis,1.357309630870308
344,2013,Colorado St.,0.879238067974387
289,2013,Iowa St.,0.7024344829618724
300,2013,Mississippi,1.0132590068910474
365,2013,Harvard,0.04512720476975689
312,2013,Temple,0.5270897912671754
353,2013,California,0.4186990061082762
311,2013,Minnesota,0.6428647676358322
381,2013,Creighton,0.9293972070625964
640,2013,Wisconsin,1.6996147403033128
623,2013,New Mexico,1.9122636600411904
632,2013,Georgetown,1.36533833244149
611,2013,Notre Dame,1.0233343795352035
614,2013,Pittsburgh,1.0422197546425256
629,2013,Kansas St.,1.6764694523891568
609,2013,North Carolina St.,0.5318478004560353
620,2013,UNLV,1.2682748046972678
619,2013,UCLA,1.014617912372405
635,2013,Cincinnati,1.0970593562790416
618,2013,Southern,0.024610498611057505
631,2013,Iona,0.15851727827945583
637,2013,Boise St.,0.4709220220344574
638,2013,Belmont,0.3043325108631481
607,2013,Pacific,0.1184032972856794
624,2013,Montana,0.05142560706290271
627,2013,LIU Brooklyn,0.015200252481829784
630,2013,James Madison,0.03775143671100749
633,2013,Davidson,0.234282624829238
634,2013,Colorado,0.5858686473891169
636,2013,Bucknell,0.5244323391317043
415,2013,Akron,0.4042231342840426
610,2013,Northwestern St.,0.05580752708861536
612,2013,Oklahoma,0.510765487800399
615,2013,Western Kentucky,0.031809372042543464
617,2013,South Dakota St.,0.14367668698528738
639,2013,Villanova,0.643621461059726
608,2013,North Carolina A&T,0.017641627837209746
613,2013,Oklahoma St.,0.9920883972003893
616,2013,Saint Mary's,0.7718339048340297
621,2013,Valparaiso,0.19847103615333178
622,2013,New Mexico St.,0.2244819639946893
625,2013,Missouri,0.8352683696092946
626,2013,Middle Tennessee,0.718032852704644
628,2013,Liberty,0.004914310149844139
699,2013,Albany,0.08594735910535249
