,Year,Team,Proj_Wins_Safer,Wins_Rank_Safer
748,2013,Louisville,3.7194434327771084,1
749,2013,Michigan,1.4426560507910913,15
750,2013,Syracuse,1.7815320161968047,8
751,2013,Wichita St.,0.9187088087592259,34
752,2013,Ohio St.,2.1976524045260075,4
753,2013,Florida,1.6785621413919198,9
754,2013,Duke,2.005617474394029,6
755,2013,Marquette,0.9329387303930481,32
757,2013,Kansas,2.369024388211464,2
756,2013,Indiana,2.2389992868316413,3
758,2013,Miami FL,2.024338502443912,5
760,2013,Michigan St.,1.6006194000990523,10
763,2013,Oregon,1.0572705214447866,24
759,2013,Arizona,1.4801451133156704,14
761,2013,La Salle,0.43754735380489806,49
762,2013,Florida Gulf Coast,0.20191503146781106,57
764,2013,Gonzaga,1.9160030946832043,7
765,2013,Butler,1.0390002658041766,25
766,2013,Illinois,1.0136959811568318,26
767,2013,North Carolina,1.1221981930925773,22
768,2013,VCU,1.300966503297876,17
777,2013,San Diego St.,0.6035390479496368,42
769,2013,Saint Louis,0.985313275657626,29
770,2013,Memphis,1.1710069107864376,19
771,2013,Colorado St.,0.9563362437486161,31
772,2013,Iowa St.,0.6993220514945014,39
773,2013,Mississippi,1.136594912629832,20
774,2013,Harvard,0.12291505567243065,63
775,2013,Temple,0.5859899299357663,44
776,2013,California,0.5382422256535009,48
778,2013,Minnesota,0.8483977485982992,35
779,2013,Creighton,0.8393441787138698,36
780,2013,Wisconsin,1.548070652218907,11
785,2013,New Mexico,1.517860138863299,12
781,2013,Georgetown,1.2967653351177804,18
783,2013,Notre Dame,1.1360804157000914,21
784,2013,Pittsburgh,1.3880916663448883,16
786,2013,Kansas St.,1.4970456928045839,13
787,2013,North Carolina St.,0.798077702231298,38
788,2013,UNLV,0.978134908069134,30
790,2013,UCLA,1.0682076857039675,23
791,2013,Cincinnati,1.0062260673336285,27
792,2013,Southern,0.13238584814224277,62
793,2013,Iona,0.21544498054353492,56
794,2013,Boise St.,0.38387702443449734,50
795,2013,Belmont,0.3564553987259976,52
796,2013,Pacific,0.1776561015337829,59
797,2013,Montana,0.16653329077053144,61
798,2013,LIU Brooklyn,0.0931244088457337,66
799,2013,James Madison,0.11305959597190511,65
800,2013,Davidson,0.37119181342339674,51
801,2013,Colorado,0.6143336859303155,41
802,2013,Bucknell,0.5589736136947868,47
789,2013,Oklahoma,0.5719213542988474,46
803,2013,Akron,0.581032155677855,45
804,2013,Northwestern St.,0.18310225597927213,58
805,2013,Western Kentucky,0.11953914799083884,64
806,2013,South Dakota St.,0.2259711669271276,55
807,2013,Villanova,0.5954825612396017,43
782,2013,Oklahoma St.,0.9978940929893663,28
808,2013,North Carolina A&T,0.06964344863119555,67
809,2013,Saint Mary's,0.8155691032881341,37
810,2013,Valparaiso,0.3195751361457914,54
811,2013,New Mexico St.,0.35403450547537174,53
812,2013,Missouri,0.9243291031233305,33
813,2013,Middle Tennessee,0.6459985185140921,40
814,2013,Liberty,0.03903811881886315,68
815,2013,Albany,0.1734370287723566,60
680,2014,Connecticut,0.992722587104089,27
681,2014,Kentucky,1.5667840916104776,11
682,2014,Florida,3.4619818019843223,1
683,2014,Wisconsin,1.5445977041011874,12
684,2014,Arizona,2.705352231344818,2
685,2014,Michigan St.,1.9994421094471293,7
686,2014,Michigan,1.5279147327676565,14
687,2014,Dayton,0.4975539266063948,46
688,2014,Virginia,2.557002283535955,4
689,2014,Louisville,2.0253004821571174,6
690,2014,San Diego St.,1.4217594816021808,16
692,2014,Iowa St.,1.4529099015938747,15
693,2014,UCLA,1.887624643414231,8
691,2014,Baylor,0.9930084006588865,26
694,2014,Stanford,0.5987115766410563,42
695,2014,Tennessee,0.8322959262208838,31
696,2014,Villanova,1.6678815043594657,10
697,2014,Syracuse,2.6604306217673948,3
700,2014,Creighton,1.1970976667740754,22
698,2014,Kansas,1.5395227605585857,13
706,2014,Wichita St.,1.8315146027769131,9
699,2014,Oregon,0.8122617834803747,32
701,2014,Gonzaga,0.8445438675182632,30
702,2014,Memphis,0.7502890037858613,34
703,2014,North Carolina,1.37025343923545,17
704,2014,Pittsburgh,1.295702213440478,19
705,2014,Texas,1.1348436970239413,23
707,2014,North Dakota St.,0.2982054648833754,54
708,2014,Harvard,0.4901949225298713,48
709,2014,Stephen F. Austin,0.502396590837896,45
710,2014,Saint Louis,0.5999668033375577,41
711,2014,Mercer,0.255104728266079,56
712,2014,Duke,2.0657862337884887,5
713,2014,Oklahoma,1.060049189331509,24
714,2014,Cincinnati,1.3518118512749524,18
715,2014,Ohio St.,1.2088762579839873,21
716,2014,New Mexico,0.900630013567894,29
717,2014,VCU,1.2763172332073716,20
718,2014,North Carolina St.,0.6483812230155345,38
719,2014,Iowa,1.0331069451390642,25
720,2014,Weber St.,0.08310994264426545,67
721,2014,Nebraska,0.5065026576476623,44
722,2014,New Mexico St.,0.3781823171334302,50
723,2014,Oklahoma St.,0.652816570264577,37
724,2014,Louisiana Lafayette,0.2086398794478597,57
725,2014,BYU,0.6433353618559631,39
726,2014,American,0.10781304200536569,61
727,2014,North Carolina Central,0.3157193700530399,53
728,2014,Providence,0.988630580812164,28
729,2014,Saint Joseph's,0.4946619521266197,47
730,2014,Milwaukee,0.13941472007808545,60
731,2014,George Washington,0.7104675923550278,35
732,2014,Delaware,0.32701403782433847,51
733,2014,Coastal Carolina,0.09708919875564004,63
734,2014,Western Michigan,0.18879957399106645,58
735,2014,Mount St. Mary's,0.08482178914945601,66
736,2014,Albany,0.08972365190341407,64
737,2014,Tulsa,0.2572994180448488,55
738,2014,Eastern Kentucky,0.1599410942284281,59
739,2014,Colorado,0.7600270217413644,33
740,2014,Xavier,0.6258530221956635,40
741,2014,Wofford,0.1044891027874022,62
742,2014,Texas Southern,0.07581759687236704,68
743,2014,Massachusetts,0.6660644208100073,36
744,2014,Manhattan,0.32300918391194433,52
745,2014,Kansas St.,0.5942098238820748,43
746,2014,Cal Poly,0.0891734825867105,65
747,2014,Arizona St.,0.4672430962165731,49
612,2015,Duke,2.672354358287009,6
613,2015,Wisconsin,4.638504267516267,2
614,2015,Kentucky,6.684432732738341,1
615,2015,Michigan St.,0.8717411500301934,26
616,2015,Arizona,2.9238303849147957,4
617,2015,Gonzaga,1.8124058070060487,8
618,2015,Notre Dame,1.7298830984832674,9
619,2015,Louisville,1.4085214346823114,11
620,2015,North Carolina,1.8927881675919656,7
624,2015,Oklahoma,1.18513800782892,14
621,2015,Utah,0.8272510684059347,28
626,2015,West Virginia,1.2969464926589107,13
622,2015,Xavier,0.6197628489713323,33
623,2015,North Carolina St.,0.7193181788628362,31
625,2015,Wichita St.,0.9414567447670779,21
627,2015,UCLA,0.6177854303314844,34
628,2015,Villanova,3.062430649870773,3
629,2015,Virginia,2.8908129367776754,5
630,2015,Kansas,1.704988685216493,10
632,2015,Arkansas,0.9494544792886574,20
633,2015,Oregon,0.6447055532508359,32
634,2015,Ohio St.,0.9524540006562485,19
635,2015,Northern Iowa,0.9319383173527498,22
636,2015,Georgetown,0.8025253785887181,29
637,2015,Iowa,0.8743286535253114,25
638,2015,San Diego St.,0.8857454456440602,24
631,2015,Maryland,1.1093502410214602,16
642,2015,Butler,0.9916521803945287,17
639,2015,Georgia St.,0.27353316947972733,50
640,2015,Dayton,0.32576294375480314,49
641,2015,UAB,0.14867312462319757,60
643,2015,Cincinnati,0.45973975425292135,44
644,2015,Baylor,1.297600393333485,12
646,2015,Iowa St.,1.1765804071259744,15
645,2015,Providence,0.9652185605106827,18
647,2015,SMU,0.7684135557891429,30
648,2015,Purdue,0.5561207799306251,39
650,2015,Oklahoma St.,0.36180183358413276,47
651,2015,Texas Southern,0.1336911665733211,64
652,2015,Mississippi,0.5280324593013277,40
653,2015,Coastal Carolina,0.14962172332471738,59
654,2015,BYU,0.5959580193396813,35
655,2015,Harvard,0.261728341815521,52
656,2015,VCU,0.894881799270204,23
657,2015,Wofford,0.27013651774776665,51
658,2015,UC Irvine,0.20711499947711978,53
659,2015,LSU,0.48554491798006133,43
660,2015,Albany,0.19321303568032755,56
661,2015,Belmont,0.13714236663807838,63
662,2015,Boise St.,0.5150616870604385,42
663,2015,Lafayette,0.09061545580600315,67
664,2015,Georgia,0.524925715341718,41
665,2015,Wyoming,0.17245749829519683,57
666,2015,North Dakota St.,0.14528602024966247,62
667,2015,North Florida,0.1479225407853318,61
668,2015,Robert Morris,0.09082328095005596,66
669,2015,St. John's,0.5662559106581195,38
670,2015,Stephen F. Austin,0.34091452089927354,48
671,2015,Davidson,0.5705551885765762,37
672,2015,Eastern Washington,0.1974740329328471,55
649,2015,Texas,0.8490015703892764,27
673,2015,New Mexico St.,0.20314039450854124,54
674,2015,Northeastern,0.15147619995294315,58
675,2015,Manhattan,0.10298495833390026,65
676,2015,Buffalo,0.4239108426576733,46
677,2015,Hampton,0.058091587912704676,68
678,2015,Indiana,0.5744349675782703,36
679,2015,Valparaiso,0.4416510629144341,45
544,2016,Villanova,2.2705966309658865,5
545,2016,North Carolina,4.05906801357431,1
546,2016,Oklahoma,1.8377179586483772,8
547,2016,Syracuse,0.7813660825886246,36
548,2016,Kansas,3.2102696946199325,2
550,2016,Virginia,2.249577385459906,6
549,2016,Oregon,1.7471811129174954,10
551,2016,Notre Dame,0.9411801349561599,25
553,2016,Duke,1.75314017124246,9
552,2016,Texas A&M,1.5435562788352444,13
554,2016,Miami FL,1.4552508546775533,14
555,2016,Maryland,1.0913601289544939,19
556,2016,Indiana,1.1870726567014207,17
557,2016,Iowa St.,1.0409499395745363,22
558,2016,Wisconsin,0.6824567833317262,38
559,2016,Gonzaga,1.0776370440113068,20
560,2016,Xavier,1.7092347847693983,11
561,2016,Kentucky,2.3446109018925956,4
562,2016,VCU,0.8183073898416503,32
563,2016,Providence,0.8508748176068244,31
564,2016,Connecticut,1.0484159096734877,21
565,2016,Iowa,1.2069752785646588,16
566,2016,Butler,0.8155049017150693,33
567,2016,Utah,0.8833904978558125,29
568,2016,Yale,0.36845961052597254,50
569,2016,Northern Iowa,0.35744850835993486,51
570,2016,Saint Joseph's,0.916574099009428,27
571,2016,Stephen F. Austin,0.33475376517338196,54
572,2016,Wichita St.,0.8767788663007698,30
573,2016,Hawaii,0.4067803916941175,47
574,2016,Little Rock,0.6325252805989268,40
575,2016,Middle Tennessee,0.21952418910026983,59
576,2016,Michigan St.,2.7320300591524855,3
577,2016,West Virginia,2.0741918510425315,7
578,2016,Purdue,1.6432627356457379,12
579,2016,Seton Hall,1.2502428190490353,15
580,2016,Texas,0.9719670785910535,24
581,2016,Cincinnati,0.9391099570832973,26
582,2016,Baylor,0.90026122562944,28
583,2016,Pittsburgh,0.7661513974977183,37
584,2016,California,1.02429644444468,23
585,2016,Arizona,1.1312025589685841,18
586,2016,Oregon St.,0.4799167937292439,44
587,2016,Southern,0.10076694015713894,65
588,2016,Holy Cross,0.04783177513959477,68
589,2016,Green Bay,0.2218106029495306,58
590,2016,Cal St. Bakersfield,0.22930578752037584,57
591,2016,UNC Wilmington,0.35101561101162093,52
592,2016,USC,0.8048954668912045,34
593,2016,Michigan,0.7855831244597407,35
594,2016,Stony Brook,0.34413269038497807,53
595,2016,Tulsa,0.32756930708030496,55
596,2016,Florida Gulf Coast,0.12309268284782468,63
597,2016,Fairleigh Dickinson,0.06645845505191769,67
598,2016,Chattanooga,0.36919535872399256,49
599,2016,Weber St.,0.15446060882329202,61
600,2016,South Dakota St.,0.3693925643615022,48
601,2016,Temple,0.6228717604895504,41
602,2016,UNC Asheville,0.14808841219140398,62
603,2016,Colorado,0.6011977633779352,42
604,2016,Buffalo,0.16549355934570936,60
605,2016,Austin Peay,0.06714207245710874,66
606,2016,Vanderbilt,0.6732338141888156,39
607,2016,Texas Tech,0.4465686907530303,45
608,2016,Iona,0.2649972627213308,56
609,2016,Hampton,0.11504727554159633,64
610,2016,Fresno St.,0.4398362223497058,46
611,2016,Dayton,0.5288392066052553,43
476,2017,North Carolina,2.8119692573020356,2
477,2017,Gonzaga,2.164551559371899,6
478,2017,Oregon,1.3729836017221921,19
479,2017,South Carolina,0.6011176977330753,38
480,2017,Kansas,2.2226057168127324,5
481,2017,Kentucky,2.5504462019526124,3
482,2017,Florida,1.519058316964618,15
483,2017,Xavier,0.738102900520389,31
484,2017,Arizona,2.066982060353438,7
485,2017,West Virginia,1.6481595475608528,12
486,2017,Butler,1.060137645906593,24
487,2017,Baylor,1.3495156387829805,21
488,2017,Wisconsin,1.508083327705509,16
489,2017,UCLA,1.6878310210251743,11
490,2017,Michigan,1.5257200820297867,14
491,2017,Purdue,1.2476113270045883,22
492,2017,Villanova,3.708883575119745,1
493,2017,Duke,2.3406725901893264,4
494,2017,Louisville,1.805691444252496,9
495,2017,Florida St.,1.4773260683091918,18
496,2017,Cincinnati,1.7134595766039744,10
497,2017,Iowa St.,1.4911167377170313,17
498,2017,Saint Mary's,0.9875724569611982,25
499,2017,Notre Dame,1.5629659561611966,13
500,2017,Northwestern,0.6852326618540882,33
501,2017,Virginia,1.3608115676313488,20
502,2017,Arkansas,0.7216092028771605,32
503,2017,Wichita St.,1.0881192798895019,23
504,2017,USC,0.7827524209709946,29
505,2017,Middle Tennessee,0.5980089624634941,39
506,2017,Rhode Island,0.5399215061220237,44
507,2017,Michigan St.,0.3973574034925119,50
508,2017,SMU,1.8308290663018103,8
510,2017,Marquette,0.6516461143817026,36
511,2017,Minnesota,0.7740331889037478,30
512,2017,Miami FL,0.9031799570844165,26
513,2017,Creighton,0.8373766822059552,28
509,2017,Maryland,0.6830730976464234,34
514,2017,North Dakota,0.09431513489056433,64
515,2017,Princeton,0.37925392954438464,51
516,2017,VCU,0.4989124367528279,45
517,2017,South Dakota St.,0.09366753070443494,65
518,2017,Florida Gulf Coast,0.2762508354817267,53
519,2017,Bucknell,0.2390188549418003,55
520,2017,Vanderbilt,0.5842997501166582,41
521,2017,Providence,0.4304683492835025,49
522,2017,New Orleans,0.0925552192834695,66
523,2017,Troy,0.14042435527488914,62
524,2017,UNC Wilmington,0.49406056977766616,46
525,2017,New Mexico St.,0.26293218029466653,54
526,2017,Mount St. Mary's,0.08637615859884651,68
527,2017,East Tennessee St.,0.3058696348585505,52
528,2017,Virginia Tech,0.604722688149012,37
529,2017,Northern Kentucky,0.1575959309506646,60
530,2017,Seton Hall,0.6542513899686594,35
531,2017,Texas Southern,0.16687559296598312,59
532,2017,Kent St.,0.1915136134253319,57
533,2017,Kansas St.,0.5679770856730232,42
534,2017,Dayton,0.43508745451268055,47
535,2017,Winthrop,0.20766695129497828,56
536,2017,Wake Forest,0.5953791906013362,40
537,2017,North Carolina Central,0.14869807630595225,61
538,2017,Oklahoma St.,0.8991692281555566,27
539,2017,UC Davis,0.08968059071336516,67
540,2017,Nevada,0.5666030230332706,43
541,2017,Jacksonville St.,0.10228866219737826,63
542,2017,Iona,0.18697175374097258,58
543,2017,Vermont,0.4305984086200336,48
408,2018,Villanova,3.761471574518775,2
409,2018,Michigan,1.9179761592416926,10
410,2018,Kansas,2.297940933991674,5
411,2018,Loyola Chicago,0.3816288516030799,51
412,2018,Duke,2.6950137048577156,3
413,2018,Texas Tech,1.042761700347289,18
414,2018,Florida St.,0.731343812896609,35
415,2018,Kansas St.,0.6786020930328666,39
416,2018,Purdue,2.1177413880513023,7
417,2018,Gonzaga,2.0387716104335722,9
418,2018,West Virginia,1.43973567384364,14
419,2018,Texas A&M,0.9523381160179353,25
420,2018,Nevada,0.9599966531673324,24
421,2018,Kentucky,1.5102093338367535,13
422,2018,Syracuse,0.7991664135156422,28
423,2018,Clemson,0.9940563253863368,20
424,2018,North Carolina,2.419847941948992,4
425,2018,Xavier,2.1424058614531982,6
426,2018,Cincinnati,2.1049037296237834,8
427,2018,Tennessee,1.2157626099264536,15
428,2018,Michigan St.,1.8665388957024813,11
429,2018,Auburn,1.1615993875027533,17
430,2018,Houston,0.7939749962622205,29
431,2018,Ohio St.,1.182512796818129,16
432,2018,Florida,1.0064244806906597,19
437,2018,Butler,0.949589303094037,26
433,2018,Rhode Island,0.76622910081675,31
434,2018,Seton Hall,0.982889472748263,22
435,2018,Marshall,0.2075992859953816,58
436,2018,Alabama,0.4810854052252145,46
438,2018,UMBC,0.1495319758457263,62
439,2018,Buffalo,0.39682621164894205,49
440,2018,Virginia,3.9044466803947993,1
441,2018,Arizona,1.5874056188872405,12
442,2018,Virginia Tech,0.6101431956659754,41
443,2018,Wichita St.,0.977350176328698,23
445,2018,Miami FL,0.9924746983168866,21
466,2018,Creighton,0.6943569914260674,37
446,2018,UNC Greensboro,0.34534653577302754,53
447,2018,Texas Southern,0.08964820411911598,66
448,2018,Providence,0.7044336672583884,36
449,2018,North Carolina Central,0.04849117724130678,68
450,2018,San Diego St.,0.6786863144954951,38
451,2018,South Dakota St.,0.488562436038286,45
452,2018,Montana,0.38597169755226696,50
453,2018,Missouri,0.5252984939161065,44
454,2018,Lipscomb,0.1506474099771271,61
444,2018,Arkansas,0.774266886167096,30
455,2018,UCLA,0.7413607434086299,33
456,2018,Murray St.,0.3648342489257647,52
457,2018,Radford,0.13344499926728656,64
458,2018,St. Bonaventure,0.4296608216289178,47
459,2018,Stephen F. Austin,0.24458456422820238,56
460,2018,LIU Brooklyn,0.057575997039959935,67
461,2018,Cal St. Fullerton,0.0943775932421909,65
462,2018,Wright St.,0.20144470864515565,60
463,2018,Texas,0.8875704652360447,27
464,2018,Georgia St.,0.20966286784171323,57
465,2018,Davidson,0.4037236323848665,48
467,2018,New Mexico St.,0.5596607595641644,42
468,2018,North Carolina St.,0.6703295419335213,40
469,2018,Oklahoma,0.7365081114625263,34
470,2018,Penn,0.20250658747142525,59
471,2018,TCU,0.7590453342706205,32
472,2018,Iona,0.13530332605970793,63
473,2018,College of Charleston,0.2495229095153052,55
474,2018,Bucknell,0.2564773487504647,54
475,2018,Arizona St.,0.55839945552045,43
340,2019,Virginia,3.2519077886984578,2
341,2019,Texas Tech,1.2696499757613058,19
342,2019,Michigan St.,2.311921153084559,5
343,2019,Auburn,2.1133235402266353,6
344,2019,Duke,3.819534177095718,1
345,2019,Gonzaga,1.8455338594782817,9
347,2019,Purdue,1.8562273381176386,8
346,2019,Kentucky,2.031650046384786,7
348,2019,Michigan,2.4460138157580746,4
349,2019,North Carolina,2.6839464695393733,3
351,2019,Florida St.,1.7357039183702523,11
352,2019,LSU,1.5540513451742024,14
354,2019,Virginia Tech,1.2997575374366797,17
350,2019,Tennessee,1.8282285089838184,10
353,2019,Houston,1.62310300005158,13
355,2019,Oregon,0.8770137904938937,28
357,2019,Buffalo,1.0532406982502986,23
359,2019,Maryland,1.0120442077719223,24
360,2019,UCF,0.5832090136200109,39
361,2019,Oklahoma,0.656199203977865,35
362,2019,Villanova,1.11176895228231,21
356,2019,Kansas,1.6591859116307308,12
363,2019,Washington,0.8116126517627537,30
364,2019,Wofford,0.9094659042490514,25
365,2019,Florida,0.8882803833721451,27
366,2019,Baylor,0.6123038215181397,36
367,2019,Murray St.,0.39361390233131954,50
358,2019,Minnesota,0.6956645416503293,34
368,2019,Liberty,0.29031619782894297,55
369,2019,Iowa,0.69839549350055,33
370,2019,UC Irvine,0.510247877878762,44
371,2019,Ohio St.,0.49701553609598503,46
373,2019,Wisconsin,1.338907541707541,15
374,2019,Nevada,0.9083725263777602,26
375,2019,Marquette,0.7401788451876218,32
376,2019,Syracuse,0.8424024411456028,29
372,2019,Mississippi St.,1.2956059895738035,18
390,2019,Louisville,0.8051601838645137,31
377,2019,Cincinnati,1.2596318205520776,20
378,2019,Kansas St.,1.3036609812183482,16
379,2019,Iowa St.,1.0983698727767486,22
380,2019,Montana,0.20242615215485196,59
381,2019,Northern Kentucky,0.23421466754350745,57
382,2019,Prairie View A&M,0.10172379657385974,64
383,2019,St. John's,0.43055725060785555,48
384,2019,Arizona St.,0.4904675326517286,47
385,2019,Fairleigh Dickinson,0.07296763372317874,67
386,2019,Vermont,0.3145609240450786,53
387,2019,North Carolina Central,0.05006461283050723,68
388,2019,North Dakota St.,0.08517755568124513,65
389,2019,Saint Louis,0.370787452686656,51
391,2019,Bradley,0.10421012157028425,63
392,2019,Belmont,0.4178270639842926,49
393,2019,Temple,0.5634673484925165,41
394,2019,VCU,0.556026447282619,42
395,2019,Yale,0.23191003355115195,58
396,2019,Old Dominion,0.361643418824979,52
397,2019,Saint Mary's,0.5897823780085036,38
398,2019,Mississippi,0.5783252169753569,40
399,2019,Colgate,0.20008512574770732,60
400,2019,Gardner Webb,0.10633055401707353,62
401,2019,Abilene Christian,0.1565175691339221,61
402,2019,Northeastern,0.2387455183642586,56
403,2019,New Mexico St.,0.59972104114918,37
404,2019,Seton Hall,0.5099525648108232,45
405,2019,Georgia St.,0.30070310352757995,54
406,2019,Iona,0.08422997869935826,66
407,2019,Utah St.,0.5251541725815385,43
272,2021,Baylor,2.891055463185997,4
273,2021,Gonzaga,3.4100335580860976,1
274,2021,Houston,2.1673480437259336,7
275,2021,UCLA,0.8831164277324105,29
276,2021,Michigan,2.26383878767425,5
277,2021,USC,1.7332122285718508,9
278,2021,Arkansas,1.4856810851044218,13
279,2021,Oregon St.,0.5267099775522702,45
280,2021,Alabama,3.103503708187491,2
281,2021,Creighton,1.110079944506092,22
282,2021,Oregon,1.183497409869399,18
283,2021,Florida St.,0.9849229599439049,27
284,2021,Villanova,1.1207196988392885,21
285,2021,Oral Roberts,0.12800681309760117,61
286,2021,Syracuse,0.7926297742251314,33
287,2021,Loyola Chicago,0.6829531938816376,35
288,2021,Illinois,3.0503920221229075,3
289,2021,Iowa,2.1922514091927607,6
290,2021,Colorado,1.6184892811325076,10
291,2021,West Virginia,1.066079256857657,23
292,2021,Oklahoma St.,1.2279220252348373,17
293,2021,Kansas,1.5375250347667353,11
294,2021,LSU,1.2890197041674356,16
295,2021,Florida,0.6804035619761349,36
296,2021,Texas Tech,0.8605006525900545,31
298,2021,Oklahoma,0.5845126315705543,42
299,2021,Ohio,0.25418756935970904,55
300,2021,Maryland,0.594068519771294,41
301,2021,Abilene Christian,0.2710629887984962,52
302,2021,Wisconsin,1.1411637891042887,20
303,2021,North Texas,0.2649967070109401,53
297,2021,Rutgers,0.77684619187085,34
304,2021,Ohio St.,1.8079564703490445,8
305,2021,Virginia,1.1447451157672566,19
306,2021,Texas,1.5231307630564377,12
307,2021,Purdue,1.2993916650107127,15
308,2021,Missouri,0.6349063056688304,38
309,2021,Connecticut,0.993442485689427,26
310,2021,BYU,0.9646879747367468,28
311,2021,North Carolina,1.3774273854557675,14
312,2021,San Diego St.,1.039071925578335,24
313,2021,Tennessee,1.024503390125708,25
314,2021,Georgia Tech,0.8311300681863791,32
339,2021,Clemson,0.8726721216209983,30
315,2021,VCU,0.5777733860132326,43
316,2021,Wichita St.,0.42864608671022963,49
317,2021,UC Santa Barbara,0.461939415033246,47
318,2021,Norfolk St.,0.09477755149304,66
319,2021,Grand Canyon,0.20607227316410073,58
320,2021,Eastern Washington,0.17230600412833677,60
321,2021,Drake,0.608946033366686,40
322,2021,Appalachian St.,0.08731936803342541,67
323,2021,UNC Greensboro,0.3561238565516641,51
324,2021,Michigan St.,0.6466854530179035,37
325,2021,Mount St. Mary's,0.08307692555296078,68
326,2021,St. Bonaventure,0.6109626346266367,39
327,2021,Texas Southern,0.11778023175080932,63
328,2021,Iona,0.11157010289870466,64
329,2021,Georgetown,0.530749683848154,44
330,2021,Virginia Tech,0.43526811243470115,48
331,2021,Winthrop,0.4046785326486956,50
332,2021,Utah St.,0.5179777619813501,46
333,2021,Hartford,0.12109245477888293,62
334,2021,Colgate,0.25861430180254025,54
335,2021,Liberty,0.2455029881954585,56
336,2021,Morehead St.,0.2302394757894965,57
337,2021,Drexel,0.11116270325121971,65
338,2021,Cleveland St.,0.1909385719719432,59
204,2022,Kansas,3.0554503470710768,1
205,2022,North Carolina,1.1750768138355525,17
206,2022,Duke,2.483327424293693,4
207,2022,Villanova,2.388282916202583,7
208,2022,Houston,2.0436667195748597,9
209,2022,Arkansas,0.940218996440863,23
210,2022,Saint Peter's,0.1388410076686985,65
211,2022,Miami FL,0.8131039922648944,30
212,2022,Arizona,2.5909758865339834,3
213,2022,Gonzaga,2.482299923543854,5
214,2022,Texas Tech,1.3545919312862984,14
215,2022,UCLA,1.8186933267333218,12
216,2022,Purdue,1.7585082725390757,13
217,2022,Michigan,0.7361271588025644,33
218,2022,Providence,0.840866561063383,28
219,2022,Iowa St.,0.713258768017135,36
220,2022,Baylor,2.609196699973224,2
222,2022,Auburn,1.8944704707645175,10
221,2022,Tennessee,2.3052916765915055,8
223,2022,Wisconsin,1.2468957027868497,15
224,2022,Michigan St.,0.8262772758124856,29
225,2022,Texas,1.185236800900682,16
226,2022,Saint Mary's,1.0473495710394092,21
227,2022,Murray St.,0.8707545802879679,25
228,2022,Ohio St.,0.6899546212791272,38
230,2022,Illinois,1.153282856596092,18
231,2022,Notre Dame,0.7192415936213765,35
232,2022,New Mexico St.,0.36485166683850245,52
233,2022,Memphis,0.7097388245490375,37
229,2022,TCU,0.8527580877995196,27
234,2022,Richmond,0.3490062837509346,53
235,2022,Creighton,0.6502712821182269,40
236,2022,Kentucky,2.4339571067504933,6
237,2022,Connecticut,1.0885954914000309,20
238,2022,Iowa,1.8375244211721184,11
239,2022,Boise St.,0.8066242852525689,31
240,2022,Alabama,0.765252764857384,32
258,2022,Seton Hall,0.8546195755733952,26
241,2022,San Diego St.,0.6705707007496754,39
242,2022,LSU,1.1395767533830057,19
243,2022,USC,0.9211558449023347,24
244,2022,Rutgers,0.4239305331311514,50
245,2022,Montana St.,0.1997362709562014,55
246,2022,Georgia St.,0.1596973889714048,59
247,2022,Davidson,0.6089055043858718,43
248,2022,Cal St. Fullerton,0.14673806653675592,63
249,2022,Vermont,0.4140923128382753,51
250,2022,San Francisco,0.7204387643110488,34
251,2022,Marquette,0.510047077711252,47
252,2022,Indiana,0.5963167562705839,44
253,2022,Norfolk St.,0.14780930921487745,62
254,2022,Akron,0.19182028253222247,56
255,2022,Yale,0.14514170035428345,64
256,2022,Wyoming,0.4643226214727618,48
257,2022,Virginia Tech,0.9429407108738054,22
259,2022,Loyola Chicago,0.5311449234051342,46
260,2022,Longwood,0.22370939545288154,54
261,2022,Delaware,0.1690659542850604,58
262,2022,Colorado St.,0.6253178986932117,42
263,2022,Chattanooga,0.5593397192779156,45
264,2022,Bryant,0.14984482532565885,60
265,2022,Wright St.,0.12445861811174033,67
266,2022,UAB,0.6393383475788126,41
267,2022,Jacksonville St.,0.1498239850222575,61
268,2022,Colgate,0.1786722108744471,57
269,2022,South Dakota St.,0.43145340889605666,49
270,2022,Texas A&M Corpus Chris,0.09244320308664114,68
271,2022,Texas Southern,0.12770522580738308,66
136,2023,Connecticut,1.615074884761409,11
137,2023,San Diego St.,1.3472263234267574,13
138,2023,Miami FL,0.9282935474237202,26
139,2023,Florida Atlantic,0.9478617173304502,23
140,2023,Texas,2.126291364600193,6
141,2023,Gonzaga,2.0545346703625,7
142,2023,Kansas St.,0.9378245131652865,24
143,2023,Creighton,1.0336090869084995,19
144,2023,UCLA,3.2310637723115505,1
145,2023,Alabama,2.8104986740962996,3
146,2023,Houston,3.0447360138432193,2
147,2023,Xavier,1.199497233497662,15
148,2023,Tennessee,1.4214133910634197,12
149,2023,Michigan St.,0.8665731703979205,29
150,2023,Arkansas,0.824418451964751,31
151,2023,Princeton,0.1986919517401649,62
152,2023,Kansas,2.1878039999738492,5
153,2023,Marquette,1.8849065960460796,9
154,2023,Duke,1.6567939810927759,10
156,2023,Baylor,1.3223257002602395,14
157,2023,Indiana,1.0219812105852046,21
158,2023,Saint Mary's,1.1395696039412537,17
159,2023,Northwestern,0.7682245065568682,36
160,2023,TCU,1.0333520935426517,20
155,2023,Kentucky,0.9328858346168825,25
161,2023,Maryland,0.8218310822587811,32
164,2023,Missouri,0.7137603390892213,39
165,2023,Auburn,0.7670933279881853,37
162,2023,Fairleigh Dickinson,0.05952006515696762,67
163,2023,Furman,0.291174117980549,55
166,2023,Penn St.,0.6311818918136591,43
167,2023,Pittsburgh,0.48650780547281236,50
168,2023,Purdue,2.7962304428450744,4
169,2023,Arizona,1.942662708102739,8
170,2023,Illinois,0.8267306930532874,30
171,2023,Memphis,1.1618567700713234,16
172,2023,Virginia,0.9527940329112345,22
174,2023,Iowa St.,0.8794584009915631,28
176,2023,Texas A&M,1.0502683528630357,18
177,2023,Iona,0.4687325144411515,51
178,2023,Howard,0.10684646371599404,65
179,2023,Grand Canyon,0.2425088651168996,59
180,2023,Boise St.,0.6828002963477615,41
181,2023,Arizona St.,0.6453075573962551,42
182,2023,Nevada,0.49980446126352807,49
183,2023,VCU,0.5936056888197996,47
184,2023,UNC Asheville,0.21199299411374717,61
185,2023,USC,0.7938957032407266,34
186,2023,Montana St.,0.25607158186164275,57
187,2023,Louisiana Lafayette,0.3850818774413788,53
188,2023,Oral Roberts,0.627633014203398,45
189,2023,Vermont,0.21638333964092613,60
190,2023,Texas Southern,0.05148018291716103,68
191,2023,Providence,0.7793825554379229,35
173,2023,Utah St.,0.7007243148073703,40
192,2023,College of Charleston,0.5986587276299066,46
193,2023,North Carolina St.,0.8800509470328727,27
194,2023,West Virginia,0.8145182064330532,33
195,2023,UC Santa Barbara,0.3315033040123625,54
196,2023,Texas A&M Corpus Chris,0.1411693588347145,64
197,2023,Southeast Missouri St.,0.06315935914256521,66
175,2023,Iowa,0.718296173448538,38
198,2023,Drake,0.45321404865720705,52
199,2023,Mississippi St.,0.6284203278691143,44
200,2023,Kent St.,0.5322658789094359,48
201,2023,Kennesaw St.,0.25861621711391575,56
202,2023,Colgate,0.24817807939867836,58
203,2023,Northern Kentucky,0.15317563664393283,63
68,2024,Connecticut,3.6902216204505014,1
69,2024,Purdue,2.987720744602166,3
70,2024,Alabama,1.1769958469562392,17
71,2024,North Carolina St.,0.7216498772270122,41
72,2024,Illinois,2.084581394276438,5
73,2024,Tennessee,1.5710213637795674,11
74,2024,Duke,1.707747292392695,8
75,2024,Clemson,0.8604593063923706,30
76,2024,Houston,3.503301729395691,2
77,2024,North Carolina,2.2855117384687995,4
78,2024,Arizona,1.9649456083056283,6
79,2024,Marquette,1.6737479459286608,9
80,2024,Iowa St.,1.7867851798352288,7
81,2024,Gonzaga,1.3332654259163832,14
82,2024,Creighton,1.5021951557474145,12
83,2024,San Diego St.,0.9615854081632982,25
84,2024,Baylor,1.4858042107889662,13
85,2024,Dayton,0.80250291692586,34
86,2024,Michigan St.,0.875322367332424,29
87,2024,Washington St.,0.7852994387113075,35
94,2024,Northwestern,0.7684501160811444,37
88,2024,Texas A&M,0.9586536550225376,26
89,2024,Kansas,0.9795934633801029,24
90,2024,Texas,0.8569085349625389,31
91,2024,Grand Canyon,0.5525080647342814,47
92,2024,Yale,0.33684824030574867,53
93,2024,Duquesne,0.34249751251364247,51
95,2024,Colorado,0.8920764863553405,28
96,2024,James Madison,0.63287561521909,45
97,2024,Oakland,0.26568139399416923,55
98,2024,Utah St.,0.7433369541242534,39
99,2024,Oregon,0.8159000471091555,33
100,2024,Auburn,1.6708841746282321,10
101,2024,Kentucky,1.254376639618858,16
102,2024,Saint Mary's,1.00191672153393,23
103,2024,New Mexico,1.1276253925740403,18
105,2024,BYU,1.0053438287855454,22
106,2024,Texas Tech,1.068247329896162,19
107,2024,Wisconsin,1.2743269054073305,15
108,2024,Florida,1.0127882878656476,21
109,2024,TCU,0.9381570690416501,27
110,2024,South Carolina,1.0215775538213774,20
111,2024,Wagner,0.06745112345859823,68
112,2024,Nevada,0.7279939559686551,40
113,2024,Mississippi St.,0.8282183594418355,32
114,2024,Long Beach St.,0.14755549444956384,63
115,2024,Howard,0.07791610438738414,66
116,2024,College of Charleston,0.43040770063449924,50
117,2024,Colgate,0.20602423423165375,58
104,2024,Florida Atlantic,0.7600663834503374,38
118,2024,UAB,0.34009812016930774,52
119,2024,Stetson,0.14887057207905074,62
120,2024,South Dakota St.,0.15293095159126435,61
121,2024,Morehead St.,0.2553884903680578,56
122,2024,Drake,0.6838049954882917,43
123,2024,Western Kentucky,0.19228483496021523,59
124,2024,Vermont,0.3190250903830868,54
125,2024,Longwood,0.15596337270839888,60
126,2024,Nebraska,0.7803408172946508,36
127,2024,Boise St.,0.6971306217389903,42
128,2024,Virginia,0.6712251086042296,44
129,2024,Samford,0.43615434028030436,49
130,2024,Saint Peter's,0.1056420510981483,64
131,2024,Montana St.,0.07627016182616189,67
132,2024,McNeese St.,0.5028622592872249,48
133,2024,Grambling St.,0.09053869046350885,65
134,2024,Colorado St.,0.6152536988548191,46
135,2024,Akron,0.2493439082103337,57
0,2025,Florida,2.847188876846773,3
1,2025,Houston,4.023432520121037,1
2,2025,Duke,3.6373840664595667,2
3,2025,Auburn,2.8457621878754487,4
4,2025,Alabama,1.8890267302187715,8
5,2025,Michigan St.,1.9711253581916603,7
6,2025,Tennessee,2.250394823144905,5
7,2025,Texas Tech,1.3492973231987908,13
8,2025,Maryland,1.3872019227885346,10
9,2025,Arizona,1.3764996514485621,11
10,2025,Kentucky,1.2957452007683878,15
11,2025,BYU,0.943636550154372,29
12,2025,Mississippi,1.0702425448527517,24
13,2025,Michigan,1.1406865903461827,20
14,2025,Purdue,1.2466175649134534,16
15,2025,Arkansas,0.6771190437259763,39
16,2025,St. John's,2.0546875665192204,6
17,2025,Wisconsin,1.1888349812295576,18
18,2025,Texas A&M,1.375051469287432,12
19,2025,Iowa St.,1.1676637338642109,19
20,2025,Connecticut,0.8541754392646205,32
21,2025,Saint Mary's,1.2149420239357682,17
22,2025,Oregon,1.0540183726751504,26
23,2025,UCLA,1.0468387397946388,27
24,2025,Gonzaga,1.4134355782866588,9
25,2025,Illinois,1.0595477254238037,25
26,2025,Drake,0.4989580470400548,47
27,2025,Colorado St.,0.5102908416031381,46
28,2025,Baylor,0.796197316887741,33
29,2025,Creighton,0.7207026633453167,36
30,2025,New Mexico,0.7184108149512737,37
31,2025,McNeese St.,0.42035170074486583,49
32,2025,Clemson,1.3341523997890468,14
33,2025,Kansas,1.1169515545010744,21
34,2025,Missouri,1.0746295093709097,23
35,2025,Memphis,0.772875359716786,34
36,2025,Mississippi St.,0.8772564261915197,31
37,2025,Marquette,1.078085039066703,22
38,2025,Louisville,0.9863455636400422,28
39,2025,Grand Canyon,0.2705137606575604,54
40,2025,UNC Wilmington,0.23859078579653925,56
41,2025,Oklahoma,0.6529126408733672,40
42,2025,Norfolk St.,0.1342877831409861,62
43,2025,Nebraska Omaha,0.14654411349381388,61
44,2025,American,0.08182701609256818,65
45,2025,Akron,0.2864181707234029,53
46,2025,Liberty,0.3062769120587857,51
47,2025,VCU,0.6797166345931717,38
48,2025,Vanderbilt,0.5873211065691697,42
49,2025,Robert Morris,0.16689776410837856,59
50,2025,Mount St. Mary's,0.0808685903347316,66
51,2025,Montana,0.14892735419771186,60
52,2025,Bryant,0.17618957927961046,58
53,2025,Alabama St.,0.08065107698333977,67
54,2025,UC San Diego,0.547618178603207,44
55,2025,San Diego St.,0.46095634836985366,48
56,2025,Saint Francis,0.04081244475430246,68
57,2025,North Carolina,0.8901351850900603,30
58,2025,Lipscomb,0.24333845082166158,55
59,2025,Yale,0.2961164484789573,52
60,2025,Georgia,0.7538702631412822,35
61,2025,High Point,0.3433923529216263,50
62,2025,Xavier,0.5311286818639035,45
63,2025,Wofford,0.12153797557134256,63
64,2025,Utah St.,0.551736854681831,43
65,2025,Troy,0.17875952201385653,57
66,2025,Texas,0.6171592208763543,41
67,2025,SIU Edwardsville,0.09973096172391055,64
