,Year,Team,Seed,Region,Proj_Wins_Safe,Wins
9,2025,Florida,1,West,2.9338596675949344,6
12,2025,Houston,1,Midwest,3.722804127560771,5
26,2025,Duke,1,East,3.54444169305478,4
31,2025,Auburn,1,South,2.837581889408946,4
77,2025,Alabama,2,East,1.9921744499945817,3
90,2025,Michigan St.,2,South,1.7912771514398247,3
89,2025,Tennessee,2,Midwest,2.19841214098492,3
83,2025,Texas Tech,3,West,1.2994210884111497,3
180,2025,Maryland,4,West,1.3226567026342302,2
167,2025,Arizona,4,East,1.365783358655654,2
122,2025,Kentucky,3,Midwest,1.1662933425601423,2
171,2025,BYU,6,East,0.8980030297946122,2
175,2025,Mississippi,6,South,1.0248676658861,2
176,2025,Michigan,5,South,1.2480352399544339,2
154,2025,Purdue,4,Midwest,1.1686988134981238,2
168,2025,Arkansas,10,West,0.7043721623137097,2
327,2025,St. John's,2,West,1.988618838694188,1
355,2025,Wisconsin,3,East,1.1441665286844716,1
297,2025,Texas A&M,4,South,1.2923524864046279,1
321,2025,Iowa St.,3,South,1.130017800813312,1
271,2025,Connecticut,8,West,0.8887473306232321,1
302,2025,Saint Mary's,7,East,1.2279899170971322,1
303,2025,Oregon,5,East,1.072036395558581,1
290,2025,UCLA,7,Midwest,0.999842231141461,1
299,2025,Gonzaga,8,Midwest,1.287413362559142,1
322,2025,Illinois,6,Midwest,1.1323014599169483,1
269,2025,Drake,11,West,0.4762852507166707,1
272,2025,Colorado St.,12,West,0.5082981291291963,1
277,2025,Baylor,9,East,0.8131390837571277,1
270,2025,Creighton,9,South,0.7907958862837058,1
307,2025,New Mexico,10,South,0.7271763450003729,1
316,2025,McNeese St.,12,Midwest,0.4688960648574873,1
420,2025,Clemson,5,Midwest,1.2211029010677599,0
447,2025,Kansas,7,West,1.1003978417725302,0
468,2025,Missouri,6,West,1.12532638084901,0
470,2025,Memphis,5,West,0.8589548815583697,0
469,2025,Mississippi St.,8,East,0.8798785540956449,0
471,2025,Marquette,7,South,1.0433320813194271,0
472,2025,Louisville,8,South,0.9534229566024094,0
445,2025,Grand Canyon,13,West,0.3166771567556178,0
454,2025,UNC Wilmington,14,West,0.2864210506888411,0
462,2025,Oklahoma,9,West,0.6468275183133484,0
464,2025,Norfolk St.,16,West,0.17650948823514656,0
465,2025,Nebraska Omaha,15,West,0.1685129193455882,0
422,2025,American,16,East,0.10673086285770617,0
424,2025,Akron,13,East,0.3239092608564367,0
448,2025,Liberty,12,East,0.34316770464152513,0
451,2025,VCU,11,East,0.7317052059578999,0
452,2025,Vanderbilt,10,East,0.5831682972857302,0
461,2025,Robert Morris,15,East,0.2179837401998502,0
466,2025,Mount St. Mary's,16,East,0.11017595002323731,0
467,2025,Montana,14,East,0.183447490181231,0
421,2025,Bryant,15,South,0.22438513138135419,0
423,2025,Alabama St.,16,South,0.11074415032151792,0
455,2025,UC San Diego,12,South,0.5611009952964306,0
459,2025,San Diego St.,11,South,0.5080957990399624,0
460,2025,Saint Francis,16,South,0.055765945395710656,0
463,2025,North Carolina,11,South,0.8897742268213493,0
473,2025,Lipscomb,14,South,0.2746604179580175,0
815,2025,Yale,13,South,0.33011343004287386,0
419,2025,Georgia,9,Midwest,0.7944759438367525,0
446,2025,High Point,13,Midwest,0.39306245937696704,0
449,2025,Xavier,11,Midwest,0.5431428460372713,0
450,2025,Wofford,15,Midwest,0.1514478352972954,0
453,2025,Utah St.,10,Midwest,0.5916670107410009,0
456,2025,Troy,14,Midwest,0.22863911967368858,0
457,2025,Texas,11,Midwest,0.6626826576643101,0
458,2025,SIU Edwardsville,16,Midwest,0.135830153523594,0
7,2024,Connecticut,1,East,3.816280394917898,6
19,2024,Purdue,1,Midwest,3.078132200425179,5
46,2024,Alabama,4,West,1.0680603921654084,4
45,2024,North Carolina St.,11,South,0.7630021619286271,4
66,2024,Illinois,3,East,1.9757663200560263,3
70,2024,Tennessee,2,Midwest,1.6545076304517652,3
71,2024,Duke,4,South,1.5919069041532241,3
48,2024,Clemson,6,West,0.816003484044155,3
121,2024,Houston,1,South,3.5706093850133,2
113,2024,North Carolina,1,West,2.212452374516886,2
131,2024,Arizona,2,West,1.8772146713809628,2
105,2024,Marquette,2,South,1.5382240883039329,2
99,2024,Iowa St.,2,East,1.8917532729563813,2
123,2024,Gonzaga,5,Midwest,1.2735157471568825,2
149,2024,Creighton,3,Midwest,1.2745946036350178,2
116,2024,San Diego St.,5,East,0.9771936773312658,2
351,2024,Baylor,3,West,1.3675643803555046,1
338,2024,Dayton,7,West,0.7922767683133909,1
378,2024,Michigan St.,9,West,0.9398012645096502,1
291,2024,Washington St.,7,East,0.7760530728725614,1
329,2024,Texas A&M,9,South,1.0227703056836113,1
331,2024,Kansas,4,Midwest,1.037084850038457,1
361,2024,Texas,7,Midwest,0.8072183730109123,1
333,2024,Grand Canyon,12,West,0.6069297325227573,1
287,2024,Yale,13,East,0.3561551200707258,1
336,2024,Duquesne,11,East,0.3647863695779746,1
374,2024,Northwestern,9,East,0.7117886508161297,1
330,2024,Colorado,10,South,0.8469372527388642,1
332,2024,James Madison,12,South,0.657636674173607,1
360,2024,Oakland,14,South,0.29569544940453374,1
294,2024,Utah St.,8,Midwest,0.7413223938524203,1
372,2024,Oregon,11,Midwest,0.8052817776027433,1
518,2024,Auburn,4,East,1.8421317818903653,0
491,2024,Kentucky,3,South,1.1494357413085128,0
438,2024,Saint Mary's,5,West,0.9626607771022229,0
439,2024,New Mexico,11,West,1.0897288995446248,0
510,2024,Florida Atlantic,8,East,0.7508756598288655,0
516,2024,BYU,6,East,0.9626019250601024,0
418,2024,Texas Tech,6,South,1.0212545567301294,0
425,2024,Wisconsin,5,South,1.124769321786258,0
511,2024,Florida,7,South,1.0370277929764413,0
431,2024,TCU,9,Midwest,0.9002077550148763,0
435,2024,South Carolina,6,Midwest,1.0461208709312348,0
427,2024,Wagner,16,West,0.09106895629682107,0
440,2024,Nevada,10,West,0.7844341371618434,0
444,2024,Mississippi St.,8,West,0.8185818969167318,0
475,2024,Long Beach St.,15,West,0.1916684474165626,0
508,2024,Howard,16,West,0.1011327054571502,0
514,2024,College of Charleston,13,West,0.4377461561467341,0
515,2024,Colgate,14,West,0.2543201391353872,0
430,2024,UAB,12,East,0.39035136689060507,0
433,2024,Stetson,16,East,0.1859991320866252,0
434,2024,South Dakota St.,15,East,0.17594425082422635,0
442,2024,Morehead St.,14,East,0.29871128923202306,0
512,2024,Drake,10,East,0.6117150692632013,0
426,2024,Western Kentucky,15,South,0.21626971093769728,0
429,2024,Vermont,13,South,0.3612165430674965,0
432,2024,Longwood,16,South,0.1913015491959574,0
441,2024,Nebraska,8,South,0.799281521211545,0
517,2024,Boise St.,10,South,0.6295624789812015,0
428,2024,Virginia,10,Midwest,0.7919132966875013,0
436,2024,Samford,13,Midwest,0.43665868539609826,0
437,2024,Saint Peter's,15,Midwest,0.13919245831350163,0
443,2024,Montana St.,16,Midwest,0.08840514945178887,0
474,2024,McNeese St.,12,Midwest,0.5856179142254984,0
509,2024,Grambling St.,16,Midwest,0.12119600529447068,0
513,2024,Colorado St.,10,Midwest,0.621168733390912,0
519,2024,Akron,14,Midwest,0.2812075808640312,0
8,2023,Connecticut,4,West,1.5687458859347376,6
16,2023,San Diego St.,5,South,1.1804183434843185,5
34,2023,Miami FL,5,Midwest,0.9234972218192298,4
24,2023,Florida Atlantic,9,East,0.8945298671756144,4
62,2023,Texas,2,Midwest,2.008367684591012,3
55,2023,Gonzaga,3,West,1.9932940524579406,3
73,2023,Kansas St.,3,East,0.9329916878111807,3
88,2023,Creighton,6,South,0.9916832644963857,3
129,2023,UCLA,2,West,2.768359075331008,2
119,2023,Alabama,1,South,2.824351850654656,2
172,2023,Houston,1,Midwest,2.625600733354176,2
135,2023,Xavier,3,Midwest,1.305203190671012,2
153,2023,Tennessee,4,East,1.3266587337570945,2
158,2023,Michigan St.,7,East,0.9200309487577439,2
160,2023,Arkansas,8,West,0.7899207046568503,2
107,2023,Princeton,15,South,0.23691488211361272,2
241,2023,Kansas,1,West,2.093801741806178,1
201,2023,Marquette,2,East,1.8404780212810696,1
226,2023,Duke,5,East,1.6576126100750497,1
255,2023,Kentucky,6,East,1.0310190376880242,1
233,2023,Baylor,3,South,1.2905751486734516,1
259,2023,Indiana,4,Midwest,1.1013810118869136,1
231,2023,Saint Mary's,5,West,1.0531151032995405,1
232,2023,Northwestern,7,West,0.7795533919433022,1
260,2023,TCU,6,West,1.013513175969533,1
198,2023,Maryland,8,South,0.824610436774263,1
218,2023,Fairleigh Dickinson,16,East,0.08144314088969168,1
193,2023,Furman,13,South,0.34721067170167047,1
219,2023,Missouri,7,South,0.715506643319675,1
235,2023,Auburn,9,Midwest,0.7734845732557131,1
238,2023,Penn St.,10,Midwest,0.6264892445128681,1
245,2023,Pittsburgh,11,Midwest,0.5435607712406636,1
531,2023,Purdue,1,East,2.967210184291139,0
495,2023,Arizona,2,South,2.104350614942486,0
487,2023,Illinois,9,West,0.8636728080251433,0
480,2023,Memphis,8,East,1.0847788976685628,0
521,2023,Virginia,4,South,1.0394241284906296,0
524,2023,Utah St.,10,South,0.750054706600323,0
484,2023,Iowa St.,6,Midwest,0.7777562473492826,0
485,2023,Iowa,8,Midwest,0.8064200995032286,0
529,2023,Texas A&M,7,Midwest,1.0710457645530365,0
486,2023,Iona,13,West,0.4945587287250199,0
488,2023,Howard,16,West,0.13954049436555974,0
489,2023,Grand Canyon,14,West,0.29033457661330897,0
493,2023,Boise St.,10,West,0.6535587876229932,0
494,2023,Arizona St.,11,West,0.6990146620537686,0
504,2023,Nevada,11,West,0.5705261610738436,0
523,2023,VCU,12,West,0.6090884467531871,0
525,2023,UNC Asheville,15,West,0.26773079437719866,0
416,2023,USC,10,East,0.8498856744019212,0
478,2023,Montana St.,14,East,0.2857776686500553,0
481,2023,Louisiana Lafayette,13,East,0.44087193054431906,0
507,2023,Oral Roberts,12,East,0.6403329837912938,0
522,2023,Vermont,15,East,0.2516626198777451,0
527,2023,Texas Southern,16,East,0.06991866475447481,0
532,2023,Providence,11,East,0.8717179229361266,0
490,2023,College of Charleston,12,South,0.6201287636997014,0
505,2023,North Carolina St.,11,South,0.8351594654607392,0
520,2023,West Virginia,9,South,0.8068196225752429,0
526,2023,UC Santa Barbara,14,South,0.3952786467047265,0
528,2023,Texas A&M Corpus Chris,16,South,0.17742622641456338,0
530,2023,Southeast Missouri St.,16,South,0.08595502145030869,0
477,2023,Drake,12,Midwest,0.4617969709858006,0
479,2023,Mississippi St.,11,Midwest,0.6611896421777366,0
482,2023,Kent St.,13,Midwest,0.4986537185140411,0
483,2023,Kennesaw St.,14,Midwest,0.304406117656827,0
492,2023,Colgate,15,Midwest,0.30341701506589486,0
506,2023,Northern Kentucky,16,Midwest,0.18661236994558744,0
1,2022,Kansas,1,Midwest,3.007269139166192,6
17,2022,North Carolina,8,East,1.252031998015288,5
25,2022,Duke,2,West,2.3684320071227263,4
42,2022,Villanova,2,South,2.143214887418381,4
63,2022,Houston,5,South,1.8545151817665138,3
94,2022,Arkansas,4,West,1.015127962970705,3
91,2022,Saint Peter's,15,East,0.17494089263577786,3
57,2022,Miami FL,10,Midwest,0.7724038398490951,3
177,2022,Arizona,1,South,2.8926396280732107,2
112,2022,Gonzaga,1,West,2.3616687756661334,2
127,2022,Texas Tech,3,West,1.282837791229275,2
144,2022,UCLA,4,East,1.7842890159515172,2
170,2022,Purdue,3,East,1.8685191431666759,2
146,2022,Michigan,11,South,0.7613465406393274,2
188,2022,Providence,4,Midwest,0.9692810107404704,2
140,2022,Iowa St.,11,Midwest,0.6453382488390315,2
318,2022,Baylor,1,East,2.240162820878761,1
222,2022,Tennessee,3,South,2.256269486982079,1
317,2022,Auburn,2,Midwest,1.840217959388869,1
243,2022,Wisconsin,3,Midwest,1.2934136770809137,1
240,2022,Michigan St.,7,West,0.9231674966095268,1
223,2022,Texas,6,East,1.101473002320521,1
262,2022,Saint Mary's,5,East,0.8812773367366193,1
264,2022,Murray St.,7,East,0.8044779728072327,1
258,2022,Ohio St.,7,South,0.7303542174180082,1
266,2022,TCU,9,South,0.8973763354384533,1
380,2022,Illinois,4,South,1.1297034417388527,1
206,2022,Notre Dame,11,West,0.7152077467430135,1
209,2022,New Mexico St.,12,West,0.42919283722260676,1
225,2022,Memphis,9,West,0.7914234819481162,1
216,2022,Richmond,12,Midwest,0.4004852590717699,1
364,2022,Creighton,9,Midwest,0.7049163606332237,1
397,2022,Kentucky,2,East,2.3226699437055376,0
406,2022,Connecticut,5,West,1.1328578577621817,0
399,2022,Iowa,5,Midwest,1.7307641231899091,0
412,2022,Boise St.,8,West,0.8033896784772793,0
413,2022,Alabama,6,West,0.8127259262789706,0
387,2022,San Diego St.,8,Midwest,0.7149224238256625,0
394,2022,LSU,6,Midwest,0.9221286137060618,0
501,2022,USC,7,Midwest,1.059275639829556,0
393,2022,Rutgers,11,West,0.50876054351675,0
401,2022,Montana St.,14,West,0.24637695838126583,0
402,2022,Georgia St.,16,West,0.2052741019698119,0
405,2022,Davidson,10,West,0.6674895134257672,0
410,2022,Cal St. Fullerton,15,West,0.19387903840181103,0
500,2022,Vermont,13,West,0.4254569750437763,0
385,2022,San Francisco,10,East,0.6316347043585558,0
391,2022,Marquette,9,East,0.5482671160604387,0
400,2022,Indiana,12,East,0.6794426901083778,0
403,2022,Norfolk St.,16,East,0.1944366982543586,0
414,2022,Akron,13,East,0.24358806650643902,0
496,2022,Yale,14,East,0.17614489965567953,0
497,2022,Wyoming,12,East,0.5183326845550087,0
499,2022,Virginia Tech,11,East,0.8109251642066496,0
386,2022,Seton Hall,8,South,0.8737486899446231,0
395,2022,Loyola Chicago,10,South,0.5250852851554784,0
396,2022,Longwood,14,South,0.26174226358850533,0
404,2022,Delaware,15,South,0.20306276823219246,0
407,2022,Colorado St.,6,South,0.6493733942191494,0
409,2022,Chattanooga,13,South,0.5166508439589734,0
411,2022,Bryant,16,South,0.19611617702483206,0
498,2022,Wright St.,16,South,0.15949426626033827,0
502,2022,UAB,12,South,0.6052399861583282,0
398,2022,Jacksonville St.,15,Midwest,0.18850401131894004,0
408,2022,Colgate,14,Midwest,0.2144352892694498,0
417,2022,South Dakota St.,13,Midwest,0.480340501901937,0
476,2022,Texas A&M Corpus Chris,16,Midwest,0.12221509012718502,0
503,2022,Texas Southern,16,Midwest,0.16227257535133213,0
3,2021,Baylor,1,South,2.063363913063276,6
13,2021,Gonzaga,1,West,3.3135758660523886,5
37,2021,Houston,2,Midwest,1.7827627361480967,4
47,2021,UCLA,11,East,0.9891148728697552,4
93,2021,Michigan,1,East,2.3270976418982694,3
75,2021,USC,6,West,1.7949565872939155,3
65,2021,Arkansas,3,South,1.4183575633078478,3
95,2021,Oregon St.,12,Midwest,0.6409397434378027,3
108,2021,Alabama,2,East,2.460691029723518,2
98,2021,Creighton,5,West,1.0619994202724656,2
156,2021,Oregon,7,West,1.0370662142034892,2
191,2021,Florida St.,4,East,0.9387107575655925,2
128,2021,Villanova,5,South,1.1555932148448045,2
189,2021,Oral Roberts,15,South,0.1603876354515164,2
150,2021,Syracuse,11,Midwest,0.7731730741800709,2
181,2021,Loyola Chicago,8,Midwest,0.7098734406752304,2
267,2021,Illinois,1,Midwest,3.43541639060877,1
276,2021,Iowa,2,West,2.3179703333735384,1
369,2021,Colorado,5,East,1.4709039655121474,1
284,2021,West Virginia,3,Midwest,1.1279124237943832,1
304,2021,Oklahoma St.,4,Midwest,1.200395216557533,1
274,2021,Kansas,3,West,1.4879982924001365,1
325,2021,LSU,8,East,1.1556862579799085,1
298,2021,Florida,7,South,0.6761650667999634,1
346,2021,Texas Tech,6,South,0.9026107298138426,1
373,2021,Rutgers,10,Midwest,0.825905360361664,1
305,2021,Oklahoma,8,West,0.6158189302455773,1
310,2021,Ohio,13,West,0.2982206462172573,1
320,2021,Maryland,10,East,0.6686336820681119,1
376,2021,Abilene Christian,14,East,0.32394159748873047,1
309,2021,Wisconsin,9,South,1.1344804435338993,1
313,2021,North Texas,13,South,0.29471225786545874,1
720,2021,Ohio St.,2,South,1.9395945301902138,0
384,2021,Virginia,4,West,1.0860001711798801,0
726,2021,Texas,3,East,1.5372842013777308,0
722,2021,Purdue,4,South,1.2771147093619517,0
716,2021,Missouri,9,West,0.7066691940944086,0
736,2021,Connecticut,7,East,0.9882463797151074,0
740,2021,BYU,6,East,1.0031318223029881,0
713,2021,North Carolina,8,South,1.4577861543080435,0
723,2021,San Diego St.,6,Midwest,0.9211969261817231,0
725,2021,Tennessee,5,Midwest,1.0518326257662738,0
731,2021,Georgia Tech,9,Midwest,0.8444020394083647,0
389,2021,VCU,10,West,0.5837173885679924,0
390,2021,Wichita St.,11,West,0.5189439747561138,0
676,2021,UC Santa Barbara,12,West,0.5743276288684114,0
719,2021,Norfolk St.,16,West,0.13174364470030558,0
730,2021,Grand Canyon,15,West,0.26217720186763777,0
733,2021,Eastern Washington,14,West,0.21849483798932834,0
735,2021,Drake,11,West,0.6475322369626887,0
741,2021,Appalachian St.,16,West,0.12175085696660998,0
535,2021,UNC Greensboro,13,East,0.39835982303159606,0
715,2021,Michigan St.,11,East,0.8022745018484062,0
718,2021,Mount St. Mary's,16,East,0.11771201432829297,0
724,2021,St. Bonaventure,9,East,0.6225264576395246,0
727,2021,Texas Southern,16,East,0.16375849933659314,0
728,2021,Iona,15,East,0.14900762317991187,0
732,2021,Georgetown,12,East,0.5691771560064112,0
388,2021,Virginia Tech,10,South,0.503981382717186,0
392,2021,Winthrop,12,South,0.45747246242917805,0
533,2021,Utah St.,11,South,0.5683362759194058,0
729,2021,Hartford,16,South,0.15827069902401195,0
737,2021,Colgate,14,South,0.3106033814884384,0
714,2021,Liberty,13,Midwest,0.29029630689514174,0
717,2021,Morehead St.,14,Midwest,0.29600819653476335,0
734,2021,Drexel,16,Midwest,0.15196670459095604,0
738,2021,Cleveland St.,15,Midwest,0.2436472047201344,0
739,2021,Clemson,7,Midwest,0.7602194801353158,0
5,2019,Virginia,1,South,3.122445632181167,6
18,2019,Texas Tech,3,West,1.1470147637770896,5
36,2019,Michigan St.,2,East,2.7182284513203405,4
44,2019,Auburn,5,Midwest,1.442658600415111,4
67,2019,Duke,1,East,4.067015369100213,3
84,2019,Gonzaga,1,West,2.035126478472389,3
82,2019,Kentucky,2,Midwest,2.3375490864553856,3
50,2019,Purdue,3,South,1.5646700942028626,3
164,2019,Michigan,2,West,2.499835629084087,2
120,2019,North Carolina,1,Midwest,2.5093929641251367,2
134,2019,Tennessee,2,South,1.9535070623767632,2
125,2019,Florida St.,4,West,1.5141862462526525,2
173,2019,LSU,3,East,1.471819739680764,2
115,2019,Houston,3,Midwest,1.3743925106651806,2
132,2019,Virginia Tech,4,East,1.1488042049228784,2
139,2019,Oregon,12,South,0.7373145705095676,2
244,2019,Kansas,4,Midwest,1.5913805333300421,1
221,2019,Buffalo,6,West,0.9865130713540801,1
248,2019,Minnesota,10,East,0.8723788557596928,1
251,2019,Maryland,6,East,1.0626758231184292,1
349,2019,UCF,9,East,0.662530855463686,1
249,2019,Oklahoma,9,South,0.6929500999077309,1
337,2019,Villanova,6,South,1.17734760693223,1
334,2019,Washington,9,Midwest,0.7643223284310978,1
358,2019,Wofford,7,Midwest,0.7263337524079807,1
194,2019,Florida,10,West,0.7494861809720715,1
207,2019,Baylor,9,West,0.6245605675923588,1
220,2019,Murray St.,12,West,0.4678898284256756,1
203,2019,Liberty,12,East,0.31043451128862704,1
199,2019,Iowa,10,South,0.8144995600059827,1
350,2019,UC Irvine,13,South,0.5539050564212749,1
239,2019,Ohio St.,11,Midwest,0.5452745707766583,1
678,2019,Mississippi St.,5,East,1.1948363112889735,0
743,2019,Wisconsin,5,South,1.3359558594063685,0
680,2019,Nevada,7,West,0.9713201902735642,0
685,2019,Marquette,5,West,0.7464913880177817,0
710,2019,Syracuse,8,West,0.7316944355892059,0
702,2019,Cincinnati,7,South,1.337909376651445,0
703,2019,Kansas St.,4,South,1.1058978540366131,0
709,2019,Iowa St.,6,Midwest,1.1836609817510546,0
679,2019,Montana,15,West,0.24071548295847864,0
684,2019,Northern Kentucky,14,West,0.28132945858764896,0
687,2019,Prairie View A&M,16,West,0.134236679203259,0
691,2019,St. John's,11,West,0.42774780240865634,0
700,2019,Arizona St.,11,West,0.5393854741990226,0
705,2019,Fairleigh Dickinson,16,West,0.10122952168841319,0
744,2019,Vermont,13,West,0.3631083801202241,0
682,2019,North Carolina Central,16,East,0.0708576636369597,0
683,2019,North Dakota St.,16,East,0.11451062375417784,0
688,2019,Saint Louis,13,East,0.43795588288133497,0
693,2019,Louisville,7,East,0.8011127801942335,0
695,2019,Bradley,15,East,0.13673096207552352,0
701,2019,Belmont,11,East,0.48144343024476877,0
711,2019,Temple,11,East,0.6021654983863312,0
721,2019,VCU,8,East,0.545150902328403,0
742,2019,Yale,14,East,0.28355238813104094,0
686,2019,Old Dominion,14,South,0.41245836448118883,0
689,2019,Saint Mary's,11,South,0.5611922185668454,0
692,2019,Mississippi,8,South,0.5672727104645179,0
704,2019,Colgate,15,South,0.24486626621372806,0
706,2019,Gardner Webb,16,South,0.1462402381571854,0
534,2019,Abilene Christian,15,Midwest,0.2037985930990496,0
677,2019,Northeastern,13,Midwest,0.2800062798421997,0
681,2019,New Mexico St.,12,Midwest,0.593275278653599,0
690,2019,Seton Hall,10,Midwest,0.5458210433398746,0
707,2019,Georgia St.,14,Midwest,0.31411150591355713,0
708,2019,Iona,16,Midwest,0.11496640031223004,0
712,2019,Utah St.,8,Midwest,0.6005471674133344,0
10,2018,Villanova,1,East,3.4180591609994746,6
21,2018,Michigan,3,West,1.956467105817324,5
38,2018,Kansas,1,Midwest,2.2283470815749835,4
28,2018,Loyola Chicago,11,South,0.44037031321854897,4
51,2018,Duke,2,Midwest,2.716289208129291,3
80,2018,Texas Tech,3,East,1.0247600307212141,3
58,2018,Florida St.,9,West,0.7803413209065935,3
49,2018,Kansas St.,9,South,0.6773910371296312,3
159,2018,Purdue,2,East,2.1673567637846283,2
178,2018,Gonzaga,4,West,1.8117590048282712,2
143,2018,West Virginia,5,East,1.2845625790780035,2
102,2018,Texas A&M,7,West,1.0016192089688132,2
174,2018,Nevada,7,South,0.9609145580380185,2
184,2018,Kentucky,5,South,1.5437994043827254,2
157,2018,Syracuse,11,Midwest,0.8198562062702613,2
169,2018,Clemson,5,Midwest,1.0001466594369726,2
250,2018,North Carolina,2,West,2.4490413784464327,1
196,2018,Xavier,1,West,1.981392456181699,1
227,2018,Cincinnati,2,South,2.180151961272856,1
229,2018,Tennessee,3,South,1.2768120945227557,1
213,2018,Michigan St.,3,Midwest,2.1841602749826325,1
261,2018,Auburn,4,Midwest,1.0959761314057361,1
197,2018,Houston,6,West,0.7671749922916822,1
246,2018,Ohio St.,5,West,1.102555948042326,1
202,2018,Florida,6,East,0.9488046265047657,1
192,2018,Rhode Island,7,Midwest,0.7136724077285176,1
224,2018,Seton Hall,8,Midwest,0.9539651063569637,1
211,2018,Marshall,13,East,0.2625285045562477,1
230,2018,Alabama,9,East,0.5254306230018603,1
254,2018,Butler,10,East,0.7540417765656404,1
253,2018,UMBC,16,South,0.19678712695479988,1
257,2018,Buffalo,13,South,0.4240962361557865,1
745,2018,Virginia,1,South,3.6862972134889262,0
812,2018,Arizona,4,South,1.5638902814641311,0
696,2018,Virginia Tech,8,East,0.6636133410646942,0
697,2018,Wichita St.,4,East,1.0587563623994092,0
810,2018,Arkansas,7,East,0.7936228434042946,0
800,2018,Miami FL,6,South,0.954304234609356,0
746,2018,UNC Greensboro,13,West,0.35167670186754557,0
782,2018,Texas Southern,16,West,0.12518969009526992,0
783,2018,Providence,10,West,0.7379695891580133,0
786,2018,North Carolina Central,16,West,0.0694333435016478,0
792,2018,San Diego St.,11,West,0.6349439594769067,0
793,2018,South Dakota St.,12,West,0.4566335412281997,0
798,2018,Montana,14,West,0.4105402887698382,0
799,2018,Missouri,8,West,0.5534714277610082,0
802,2018,Lipscomb,15,West,0.18354436972323288,0
747,2018,UCLA,11,East,0.8045463102166484,0
784,2018,Murray St.,12,East,0.408869012278797,0
790,2018,Radford,16,East,0.171964124236155,0
794,2018,St. Bonaventure,11,East,0.46529840833388847,0
795,2018,Stephen F. Austin,14,East,0.25646065218669645,0
801,2018,LIU Brooklyn,16,East,0.07912915199838651,0
808,2018,Cal St. Fullerton,15,East,0.12852172107095924,0
698,2018,Wright St.,14,South,0.24638282982937798,0
797,2018,Texas,10,South,0.8858602199330263,0
804,2018,Georgia St.,15,South,0.2460335487421298,0
805,2018,Davidson,12,South,0.3988533372685147,0
806,2018,Creighton,8,South,0.6769906278646696,0
785,2018,New Mexico St.,12,Midwest,0.5537901642823185,0
787,2018,North Carolina St.,9,Midwest,0.689211800470669,0
788,2018,Oklahoma,10,Midwest,0.7090455452719945,0
789,2018,Penn,16,Midwest,0.24392592417017075,0
796,2018,TCU,6,Midwest,0.7874526280284789,0
803,2018,Iona,15,Midwest,0.16882222126338614,0
807,2018,College of Charleston,13,Midwest,0.30297263965916293,0
809,2018,Bucknell,14,Midwest,0.31348331829906395,0
811,2018,Arizona St.,11,Midwest,0.569867338327573,0
2,2017,North Carolina,1,South,2.635419174707186,6
23,2017,Gonzaga,1,West,2.2285985634152774,5
40,2017,Oregon,3,Midwest,1.3715387638020182,4
33,2017,South Carolina,7,East,0.6004516778772395,4
72,2017,Kansas,1,Midwest,2.2813712608558516,3
68,2017,Kentucky,2,South,2.6215325640030347,3
61,2017,Florida,4,East,1.4765730978202518,3
76,2017,Xavier,11,West,0.7199601123929726,3
136,2017,Arizona,2,West,2.100405529484856,2
185,2017,West Virginia,4,West,1.5079575437460664,2
130,2017,Butler,4,South,0.9320234377388329,2
124,2017,Baylor,3,East,1.451454190648738,2
161,2017,Wisconsin,8,East,1.4085429293970992,2
187,2017,UCLA,3,South,1.664781310207385,2
101,2017,Michigan,7,Midwest,1.3546732800898005,2
118,2017,Purdue,4,Midwest,1.3067812510638703,2
247,2017,Villanova,1,East,3.0618621085259985,1
195,2017,Duke,2,East,2.443615357078061,1
263,2017,Louisville,2,Midwest,1.7072871542834365,1
205,2017,Florida St.,3,West,1.4110759137541866,1
208,2017,Cincinnati,6,South,1.7199364583146277,1
252,2017,Iowa St.,5,Midwest,1.439599940639576,1
210,2017,Saint Mary's,7,West,1.0114016766143787,1
228,2017,Notre Dame,5,West,1.3681219653191703,1
256,2017,Northwestern,8,West,0.7377832163064745,1
236,2017,Virginia,5,East,1.1940323814261244,1
217,2017,Arkansas,8,South,0.7872574718285099,1
242,2017,Wichita St.,10,South,1.1567990007637365,1
204,2017,USC,11,East,0.8728247209137984,1
237,2017,Middle Tennessee,12,South,0.5872635042307288,1
200,2017,Rhode Island,11,Midwest,0.6172818495302813,1
234,2017,Michigan St.,9,Midwest,0.4834195660778582,1
757,2017,SMU,6,East,1.7720537356897705,0
768,2017,Maryland,6,West,0.7831824840236545,0
769,2017,Marquette,10,East,0.60281120180808,0
766,2017,Minnesota,5,South,0.9109633670738179,0
767,2017,Miami FL,8,Midwest,0.8401571002715633,0
777,2017,Creighton,6,Midwest,0.7926011389723105,0
751,2017,North Dakota,15,West,0.12435787470956076,0
754,2017,Princeton,12,West,0.34597858421109184,0
756,2017,VCU,10,West,0.5679748209369087,0
758,2017,South Dakota St.,16,West,0.12086331563139392,0
774,2017,Florida Gulf Coast,14,West,0.3192168172751802,0
778,2017,Bucknell,13,West,0.2898819316050714,0
780,2017,Vanderbilt,9,West,0.5572325412220989,0
748,2017,Providence,11,East,0.48561732218585185,0
749,2017,New Orleans,16,East,0.12327149254531311,0
760,2017,Troy,15,East,0.173632178571052,0
762,2017,UNC Wilmington,12,East,0.5147045340302018,0
763,2017,New Mexico St.,14,East,0.32925416914932426,0
765,2017,Mount St. Mary's,16,East,0.11712173922991477,0
775,2017,East Tennessee St.,13,East,0.32256642926449175,0
791,2017,Virginia Tech,9,East,0.6740353446683095,0
752,2017,Northern Kentucky,15,South,0.20242989794985256,0
755,2017,Seton Hall,9,South,0.6750193485240253,0
759,2017,Texas Southern,16,South,0.23410148122257704,0
770,2017,Kent St.,14,South,0.22510693041483507,0
771,2017,Kansas St.,11,South,0.6304645972606292,0
776,2017,Dayton,7,South,0.4947391187892853,0
813,2017,Winthrop,13,South,0.25074838796623683,0
814,2017,Wake Forest,11,South,0.6164961342807904,0
750,2017,North Carolina Central,16,Midwest,0.19139657211668282,0
753,2017,Oklahoma St.,10,Midwest,0.834987767622805,0
761,2017,UC Davis,16,Midwest,0.12070517112085856,0
764,2017,Nevada,12,Midwest,0.6642970837870895,0
772,2017,Jacksonville St.,15,Midwest,0.13579189884797968,0
773,2017,Iona,14,Midwest,0.2256652541942455,0
781,2017,Vermont,13,Midwest,0.4689452599697183,0
11,2016,Villanova,2,South,2.1403465795654117,6
20,2016,North Carolina,1,East,3.9136691520066655,5
43,2016,Oklahoma,2,West,1.5389671980258441,4
41,2016,Syracuse,10,Midwest,0.7410574195774283,4
78,2016,Kansas,1,South,3.2959906864320434,3
59,2016,Oregon,1,West,1.871174655689826,3
79,2016,Virginia,1,Midwest,2.1635301800546713,3
54,2016,Notre Dame,6,East,1.0436965829166136,3
133,2016,Texas A&M,3,West,1.4841891091832797,2
155,2016,Duke,4,West,1.8323090021293034,2
141,2016,Miami FL,3,South,1.5655459928223263,2
142,2016,Maryland,5,South,1.1430558372875284,2
148,2016,Indiana,5,East,1.0898026586530818,2
145,2016,Iowa St.,4,Midwest,0.928302969236045,2
137,2016,Wisconsin,7,East,0.7546481240511788,2
151,2016,Gonzaga,11,Midwest,0.9771731128622679,2
214,2016,Xavier,2,East,1.7042529053958957,1
341,2016,Kentucky,4,East,2.4010432179594146,1
285,2016,VCU,10,West,0.664177357758911,1
347,2016,Providence,9,East,0.938458265186303,1
335,2016,Connecticut,9,South,0.8821577989775297,1
340,2016,Iowa,7,South,1.0625630429731203,1
265,2016,Butler,9,Midwest,0.8475297790828954,1
356,2016,Utah,3,Midwest,1.0032307589225817,1
215,2016,Yale,12,West,0.40986511796933134,1
345,2016,Northern Iowa,11,West,0.3323733028244106,1
348,2016,Saint Joseph's,8,West,0.8765468625529644,1
352,2016,Stephen F. Austin,14,East,0.33903977702751514,1
212,2016,Wichita St.,11,South,0.7289089163926973,1
339,2016,Hawaii,13,South,0.4707822379516133,1
342,2016,Little Rock,12,Midwest,0.5111472258271057,1
343,2016,Middle Tennessee,15,Midwest,0.2460896739337353,1
574,2016,Michigan St.,2,Midwest,2.443541865451898,0
779,2016,West Virginia,3,East,1.8169604946145497,0
577,2016,Purdue,5,Midwest,1.5932292077458505,0
578,2016,Seton Hall,6,Midwest,1.3259945749721267,0
583,2016,Texas,6,West,1.0597357743121418,0
596,2016,Cincinnati,9,West,0.8886489017713887,0
601,2016,Baylor,5,West,1.0459941363340448,0
576,2016,Pittsburgh,10,East,0.8695135570549739,0
598,2016,California,4,South,1.0654911668263578,0
603,2016,Arizona,6,South,1.2445930411786406,0
575,2016,Oregon St.,7,West,0.5384843413924775,0
579,2016,Southern,16,West,0.13386390908926565,0
588,2016,Holy Cross,16,West,0.06665186113058137,0
590,2016,Green Bay,14,West,0.27420400926820215,0
599,2016,Cal St. Bakersfield,15,West,0.25826051005970674,0
674,2016,UNC Wilmington,13,West,0.38342549097100975,0
553,2016,USC,8,East,0.8211809189706077,0
573,2016,Michigan,11,East,0.6605985581431498,0
581,2016,Stony Brook,13,East,0.3743456817395324,0
585,2016,Tulsa,11,East,0.38189713054504565,0
592,2016,Florida Gulf Coast,16,East,0.15932351532607975,0
593,2016,Fairleigh Dickinson,16,East,0.09176826698739267,0
597,2016,Chattanooga,12,East,0.43497677957216185,0
694,2016,Weber St.,15,East,0.2018235539386354,0
572,2016,South Dakota St.,12,South,0.40030204762079297,0
582,2016,Temple,10,South,0.615832082672558,0
586,2016,UNC Asheville,15,South,0.18411238946015981,0
595,2016,Colorado,8,South,0.6755715509724609,0
600,2016,Buffalo,14,South,0.21344196417598849,0
602,2016,Austin Peay,16,South,0.09429364811491052,0
675,2016,Vanderbilt,11,South,0.7123170297432319,0
584,2016,Texas Tech,8,Midwest,0.5543549889156766,0
587,2016,Iona,13,Midwest,0.29219989822691433,0
589,2016,Hampton,16,Midwest,0.1593611525983377,0
591,2016,Fresno St.,14,Midwest,0.48323617877068403,0
594,2016,Dayton,7,Midwest,0.5788443201029156,0
6,2015,Duke,1,South,2.9111676718826973,6
15,2015,Wisconsin,1,West,4.248825996555423,5
29,2015,Kentucky,1,Midwest,7.483888424380972,4
27,2015,Michigan St.,7,East,0.852950910917002,4
74,2015,Arizona,2,West,2.9216976879494694,3
69,2015,Gonzaga,2,South,1.883677430024097,3
60,2015,Notre Dame,3,Midwest,1.9346474215667109,3
64,2015,Louisville,4,East,1.3145228661092656,3
96,2015,North Carolina,4,West,1.6638860943180844,2
106,2015,Utah,5,South,0.8773559590504981,2
100,2015,Xavier,6,West,0.6284397955760211,2
109,2015,North Carolina St.,8,East,0.7420752168429945,2
117,2015,Oklahoma,3,East,0.946372380087398,2
103,2015,Wichita St.,7,Midwest,0.844292422102662,2
104,2015,West Virginia,5,Midwest,0.9772093366942626,2
97,2015,UCLA,11,South,0.6419112488991533,2
371,2015,Villanova,1,East,3.1910118644330843,1
359,2015,Virginia,2,East,2.3429414374748534,1
367,2015,Kansas,2,Midwest,1.7234819235477385,1
370,2015,Maryland,4,Midwest,1.0789525505418502,1
292,2015,Arkansas,5,West,0.9716395432623036,1
382,2015,Oregon,8,West,0.6122375647883456,1
383,2015,Ohio St.,10,West,0.9322588511232138,1
379,2015,Northern Iowa,5,East,0.8348966871008232,1
362,2015,Georgetown,4,South,0.8741040566356195,1
366,2015,Iowa,7,South,0.878697734058731,1
375,2015,San Diego St.,8,South,0.7677730326489176,1
363,2015,Georgia St.,14,West,0.3116134082327564,1
357,2015,Dayton,11,East,0.39488768822769066,1
377,2015,UAB,14,South,0.1894113634237463,1
295,2015,Butler,6,Midwest,0.8177843324148057,1
328,2015,Cincinnati,8,Midwest,0.4804257726043391,1
556,2015,Baylor,3,West,1.114345928432409,0
542,2015,Providence,6,East,0.958829976182389,0
568,2015,Iowa St.,3,South,1.2833395440095272,0
545,2015,SMU,6,South,0.7883103314807284,0
536,2015,Purdue,9,Midwest,0.640022078441781,0
548,2015,Texas,11,Midwest,0.8306511978911645,0
541,2015,Oklahoma St.,9,West,0.39930591095056517,0
549,2015,Texas Southern,15,West,0.1838742518956501,0
551,2015,Mississippi,11,West,0.5451585370320257,0
554,2015,Coastal Carolina,16,West,0.18082894448885636,0
560,2015,BYU,11,West,0.627118519491959,0
566,2015,Harvard,13,West,0.2920048541635696,0
570,2015,VCU,7,West,0.7692143515696716,0
571,2015,Wofford,12,West,0.3169501857349539,0
550,2015,UC Irvine,13,East,0.23373206899742993,0
552,2015,LSU,9,East,0.5219052048095788,0
555,2015,Albany,14,East,0.2269401701581869,0
557,2015,Belmont,15,East,0.1757187761162025,0
558,2015,Boise St.,11,East,0.4115793344876458,0
562,2015,Lafayette,16,East,0.12095720478572086,0
564,2015,Georgia,10,East,0.5671475785804945,0
580,2015,Wyoming,12,East,0.22736750296390254,0
538,2015,North Dakota St.,15,South,0.17585373902603665,0
539,2015,North Florida,16,South,0.19715634611782512,0
543,2015,Robert Morris,16,South,0.1169435826350402,0
546,2015,St. John's,9,South,0.5749514180287741,0
547,2015,Stephen F. Austin,12,South,0.4010598988412003,0
561,2015,Davidson,10,South,0.5228833755721596,0
563,2015,Eastern Washington,13,South,0.2292239139258721,0
537,2015,New Mexico St.,15,Midwest,0.2590232869970529,0
540,2015,Northeastern,14,Midwest,0.1841698736063459,0
544,2015,Manhattan,16,Midwest,0.13717485495034604,0
559,2015,Buffalo,12,Midwest,0.4264389284199508,0
565,2015,Hampton,16,Midwest,0.07946332937274404,0
567,2015,Indiana,10,Midwest,0.5734313522623884,0
569,2015,Valparaiso,13,Midwest,0.43188497410430227,0
0,2014,Connecticut,7,East,1.010554959438102,6
22,2014,Kentucky,8,Midwest,1.7312029987282356,5
30,2014,Florida,1,South,3.4126031664022145,4
39,2014,Wisconsin,2,West,1.7048710350705085,4
81,2014,Arizona,1,West,2.9686719416833998,3
53,2014,Michigan St.,4,East,1.9158643811909262,3
52,2014,Michigan,2,Midwest,1.5059014421798516,3
56,2014,Dayton,11,South,0.5372429360822938,3
162,2014,Virginia,1,East,2.5096470478369066,2
179,2014,Louisville,4,Midwest,2.022964983508138,2
166,2014,San Diego St.,4,West,1.4018605339428514,2
182,2014,Baylor,6,West,1.0132385863582614,2
183,2014,Iowa St.,3,East,1.4660328537269303,2
163,2014,UCLA,4,South,1.523112602620381,2
165,2014,Stanford,10,South,0.6308524385676794,2
186,2014,Tennessee,11,Midwest,0.8736302805392231,2
286,2014,Villanova,2,East,1.6570292121383576,1
282,2014,Syracuse,3,South,2.1475825876997083,1
326,2014,Kansas,2,South,1.6484920561958962,1
278,2014,Oregon,7,West,0.7949306806898506,1
319,2014,Creighton,3,West,0.9712853326020406,1
323,2014,Gonzaga,8,West,0.8973182962477565,1
268,2014,Memphis,8,East,0.7874265083253238,1
273,2014,North Carolina,6,East,1.2584733049323178,1
279,2014,Pittsburgh,9,South,1.2853558201550472,1
283,2014,Texas,7,Midwest,1.0830568098622788,1
288,2014,Wichita St.,1,Midwest,1.6580171155912784,1
275,2014,North Dakota St.,12,West,0.351051351139631,1
324,2014,Harvard,12,East,0.5168064231973187,1
281,2014,Stephen F. Austin,12,South,0.5582655235487658,1
280,2014,Saint Louis,5,Midwest,0.6407999395031543,1
296,2014,Mercer,14,Midwest,0.28763904795446943,1
665,2014,Duke,3,Midwest,2.0669415008188934,0
649,2014,Oklahoma,5,West,0.9362884455876885,0
669,2014,Cincinnati,5,East,1.3357664740943607,0
642,2014,Ohio St.,6,South,1.2084138561393194,0
645,2014,New Mexico,7,South,0.942595816304327,0
656,2014,VCU,5,South,1.020692634868672,0
648,2014,North Carolina St.,12,Midwest,0.7553966838507682,0
662,2014,Iowa,11,Midwest,0.980405443648268,0
641,2014,Weber St.,16,West,0.11701143465960685,0
644,2014,Nebraska,11,West,0.5096111751414601,0
646,2014,New Mexico St.,13,West,0.48815065762260423,0
651,2014,Oklahoma St.,9,West,0.7165475011807353,0
660,2014,Louisiana Lafayette,14,West,0.24517404094475415,0
671,2014,BYU,10,West,0.6589979712505716,0
673,2014,American,15,West,0.14028263045122355,0
647,2014,North Carolina Central,14,East,0.39227141017307277,0
652,2014,Providence,11,East,0.9705030202899323,0
653,2014,Saint Joseph's,10,East,0.5042237287145529,0
657,2014,Milwaukee,15,East,0.17555386593268285,0
663,2014,George Washington,9,East,0.6879148692460881,0
666,2014,Delaware,13,East,0.39627743007726157,0
668,2014,Coastal Carolina,16,East,0.1268301173827138,0
606,2014,Western Michigan,14,South,0.23346098724999648,0
643,2014,Mount St. Mary's,16,South,0.11502496575728567,0
650,2014,Albany,16,South,0.11596878180270524,0
655,2014,Tulsa,13,South,0.2924898992871757,0
664,2014,Eastern Kentucky,15,South,0.17905051329801963,0
667,2014,Colorado,8,South,0.7457553337434161,0
604,2014,Xavier,12,Midwest,0.637765615733552,0
605,2014,Wofford,15,Midwest,0.14358078845301847,0
654,2014,Texas Southern,16,Midwest,0.10582329496339785,0
658,2014,Massachusetts,6,Midwest,0.6830210525571875,0
659,2014,Manhattan,13,Midwest,0.36002278928006926,0
661,2014,Kansas St.,9,Midwest,0.6247239963085771,0
670,2014,Cal Poly,16,Midwest,0.11780293454787139,0
672,2014,Arizona St.,10,Midwest,0.49787614097907673,0
4,2013,Louisville,1,Midwest,3.3695626091232778,6
14,2013,Michigan,4,South,1.5472957457236947,5
32,2013,Syracuse,4,East,1.852274703695784,4
35,2013,Wichita St.,9,West,0.8581938866008206,4
92,2013,Ohio St.,2,West,2.1615838988381797,3
86,2013,Florida,3,South,1.6219983587001094,3
87,2013,Duke,2,Midwest,1.9389166043189732,3
85,2013,Marquette,3,East,1.0383432355823743,3
147,2013,Indiana,1,East,2.5273257031057845,2
152,2013,Kansas,1,South,2.287501299685151,2
110,2013,Miami FL,2,East,1.852944438704265,2
138,2013,Arizona,6,West,1.3505073610221843,2
111,2013,Michigan St.,3,Midwest,1.581389585195181,2
114,2013,La Salle,13,West,0.4283548914708287,2
126,2013,Florida Gulf Coast,15,South,0.2574146842086884,2
190,2013,Oregon,12,Midwest,0.951238326939673,2
368,2013,Gonzaga,1,West,2.1402935544897916,1
354,2013,Butler,6,East,1.0502993283176192,1
293,2013,Illinois,7,East,0.9541096971840789,1
301,2013,North Carolina,8,South,1.0554779001536139,1
315,2013,VCU,5,South,1.0357714817895438,1
306,2013,Saint Louis,4,Midwest,0.8443928676363426,1
314,2013,Memphis,6,Midwest,1.0792458695510982,1
344,2013,Colorado St.,8,Midwest,0.9943099721150274,1
289,2013,Iowa St.,10,West,0.6977890628613187,1
300,2013,Mississippi,12,West,1.1973424482922184,1
365,2013,Harvard,14,West,0.1612284747737476,1
312,2013,Temple,9,East,0.6150004459964155,1
353,2013,California,12,East,0.5971217218474174,1
308,2013,San Diego St.,7,South,0.5638359698806005,1
311,2013,Minnesota,11,South,0.9496304108633948,1
381,2013,Creighton,7,Midwest,0.7949897020644969,1
640,2013,Wisconsin,5,West,1.4734295342071844,0
632,2013,Georgetown,2,South,1.2629905752419233,0
613,2013,Oklahoma St.,5,Midwest,1.000753614795877,0
611,2013,Notre Dame,7,West,1.1916120454529466,0
614,2013,Pittsburgh,8,West,1.558446488526649,0
623,2013,New Mexico,3,West,1.3236016881338895,0
629,2013,Kansas St.,4,West,1.4086727962927792,0
609,2013,North Carolina St.,8,East,0.9292058628071735,0
620,2013,UNLV,5,East,0.8352301828642321,0
612,2013,Oklahoma,10,South,0.6020429004846503,0
619,2013,UCLA,6,South,1.0946026486881701,0
635,2013,Cincinnati,10,Midwest,0.961487283226186,0
618,2013,Southern,16,West,0.18546922925461767,0
631,2013,Iona,15,West,0.24348399807658888,0
637,2013,Boise St.,13,West,0.3410041151688453,0
638,2013,Belmont,11,West,0.38212786588232645,0
607,2013,Pacific,15,East,0.20684031855150553,0
624,2013,Montana,13,East,0.22322812005936352,0
627,2013,LIU Brooklyn,16,East,0.13150496347273125,0
630,2013,James Madison,16,East,0.15015167441383986,0
633,2013,Davidson,14,East,0.43862469735783316,0
634,2013,Colorado,10,East,0.6283537795401594,0
636,2013,Bucknell,11,East,0.5759864802706334,0
415,2013,Akron,12,South,0.6681171960658522,0
610,2013,Northwestern St.,14,South,0.24579965976123744,0
615,2013,Western Kentucky,16,South,0.16274933614447692,0
617,2013,South Dakota St.,13,South,0.266504268988034,0
639,2013,Villanova,9,South,0.5717723568505854,0
608,2013,North Carolina A&T,16,Midwest,0.09525628573868118,0
616,2013,Saint Mary's,11,Midwest,0.8371103204371706,0
621,2013,Valparaiso,14,Midwest,0.379223424201779,0
622,2013,New Mexico St.,13,Midwest,0.4178439662046631,0
625,2013,Missouri,9,Midwest,0.9681948375406911,0
626,2013,Middle Tennessee,11,Midwest,0.6105189210769545,0
628,2013,Liberty,16,Midwest,0.05584536786479799,0
699,2013,Albany,15,Midwest,0.21652895562326918,0
